"UFID","Genus","Species","consensusESU","molecularESU","morphologicalESU","Country","Lat","Long","Date.Collected","Extract","notes","ossicle_pictures","Photo","n16S","n16Sc","nCOI","nATP6","nc0036","nc0775","nITS","nLSU","nH3a","sumLoci","SingleExtract","UFID_idig","uuid_idig"
"MHE006","Holothuria","impatiens","EP","EP","","Mexico",NA,NA,"","A0004","","","",1,0,1,0,0,0,0,0,0,2,"A0004",NA,NA
"MHE048","Holothuria","impatiens","EP","EP","","Mexico",NA,NA,"","A0031","","","",1,0,1,0,0,0,0,0,0,2,"A0031",NA,NA
"4812","Holothuria","impatiens","Hawaii","Hawaii","ESU1/hawaii","Oahu",19.99667,-155.24556,"2/24/2006","C0020","","","",1,1,1,1,1,0,1,0,1,7,"C0020","4812-echinodermata","47e26d70-f680-432e-a02b-655c5e757dde"
"1858","Holothuria","impatiens","Hawaii","Hawaii","ESU1/hawaii","Maui",20.810833,-156.621389,"11/5/1998","C0022","","","",1,1,1,1,1,0,0,0,1,6,"C0022","1858-echinodermata","7781b87e-3c8f-41c0-b5f6-030cae3546f8"
"1842","Holothuria","impatiens","Hawaii","Hawaii","ESU1/hawaii","Maui",20.810833,-156.621389,"11/5/1998","C0024","","","",1,0,1,0,0,0,0,0,0,2,"C0024","1842-echinodermata","c8a5cdc7-9bb6-41d1-863c-6dcccb008a8b"
"FRM134","Holothuria","impatiens","EP","EP","","Panama",7.64,-81.739,"","C0028","","","no",1,1,1,1,1,0,1,0,1,7,"C0028",NA,NA
"7902","Holothuria","impatiens","WA","","WA","Belize",16.408,-88.114,"10/10/2008","C0199","","","",0,0,1,0,0,0,0,0,0,1,"C0199","7902-echinodermata","930b80aa-cb5a-4f39-bccf-319ba2eaacac"
"7070a","Holothuria","impatiens","ESU1","","ESU1","Mayotte",-12.859323,45.268639,"6/2/2008","C0200","","","",0,0,1,0,0,0,0,0,0,1,"C0200","7070-echinodermata","3ea3b549-aad0-4832-b82d-3156da6994a4"
"7070b","Holothuria","impatiens","ESU1","","ESU1","Mayotte",-12.859323,45.268639,"6/2/2008","C0201","","","",0,0,1,0,0,0,0,0,0,1,"C0201","7070-echinodermata","3ea3b549-aad0-4832-b82d-3156da6994a4"
"7163a","Holothuria","impatiens","ESU2","","ESU2","Nosy BÃ©",-13.44624,48.33157,"5/26/2008","C0202","","","",0,0,1,0,0,0,0,0,0,1,"C0202","7163-echinodermata","590a6b16-85b3-499a-91db-13cea595bab0"
"7163b","Holothuria","impatiens","ESU2","","ESU2","Nosy BÃ©",-13.44624,48.33157,"5/26/2008","C0203","","","",0,0,1,0,0,0,0,0,0,1,"C0203","7163-echinodermata","590a6b16-85b3-499a-91db-13cea595bab0"
"7055b","Holothuria","impatiens","ESU1","","ESU1","Mayotte",-12.947371,45.099797,"5/29/2008","N1193","","","",0,0,0,0,0,0,0,0,0,0,"N1193","7055-echinodermata","33d50638-8cb2-4cf1-91f1-5c7426f536ea"
"7055b","Holothuria","impatiens","ESU1","","ESU1","Mayotte",-12.947371,45.099797,"5/29/2008","N1193","","","",0,0,0,0,0,0,0,0,0,0,"N1193","7055-echinodermata","33d50638-8cb2-4cf1-91f1-5c7426f536ea"
"7055b","Holothuria","impatiens","ESU1","","ESU1","Mayotte",-12.947371,45.099797,"5/29/2008","C0207","","","",0,0,1,0,0,0,0,0,0,1,"C0207","7055-echinodermata","33d50638-8cb2-4cf1-91f1-5c7426f536ea"
"7055b","Holothuria","impatiens","ESU1","","ESU1","Mayotte",-12.947371,45.099797,"5/29/2008","C0207","","","",0,0,1,0,0,0,0,0,0,1,"C0207","7055-echinodermata","33d50638-8cb2-4cf1-91f1-5c7426f536ea"
"7519a","Holothuria","impatiens","ESU3","","ESU3","Nosy BÃ©",-13.4244,48.3642,"5/15/2008","C0208","","","",0,0,1,0,0,0,0,0,0,1,"C0208","7519-echinodermata","9786ad1e-7274-4257-b4fb-417cbb8bf4ad"
"7519b","Holothuria","impatiens","ESU3","","ESU3","Nosy BÃ©",-13.4244,48.3642,"5/15/2008","C0209","","","",0,0,1,1,1,0,1,0,1,5,"C0209","7519-echinodermata","9786ad1e-7274-4257-b4fb-417cbb8bf4ad"
"6058","Holothuria","impatiens","","missing","ESU1/hawaii","Oahu",21.405246,-157.984712,"10/2006","FLMNH_023_A10","","","yes",0,0,0,0,0,0,0,0,0,0,"FLMNH_023_A10","6058-echinodermata","6ebedddf-76d5-40cb-8e69-be85781acc8e"
"6243","Holothuria","impatiens","Hawaii","Hawaii","ESU1/hawaii","FFS",23.7212,-166.1328,"10/24/2006","FLMNH_023_F07","","","yes",0,0,1,0,0,0,0,0,0,1,"FLMNH_023_F07","6243-echinodermata","34280307-93c8-45b6-969e-8bb9875a515f"
"8585","Holothuria","impatiens","ESU1","ESU1","ESU1","Lizard Island",-14.667892,145.4443815,"2/2009","FLMNH_036_B03","","","yes",0,0,1,0,0,0,0,0,0,1,"FLMNH_036_B03","8585-echinodermata","91b2a1ea-fa87-4445-ad91-90538392738e"
"8406","Holothuria","impatiens","ESU2","ESU2","ESU2","Lizard Island",-14.7746,145.3673,"2/16/2009","FLMNH_036_B06","","","yes",0,0,1,0,0,0,0,0,0,1,"FLMNH_036_B06","8406-echinodermata","411f09be-b34a-4557-9282-2fa4a876cf59"
"8544","Holothuria","impatiens","ESU1","ESU1","ESU1","Lizard Island",-14.6857,145.4474,"2/25/2009","FLMNH_036_C03","","","yes",0,0,1,0,0,0,0,0,0,1,"FLMNH_036_C03","8544-echinodermata","819fa8c8-e268-4b7e-ba76-a69d556695f2"
"8172","Holothuria","impatiens","ESU2","ESU2","ESU2","Lizard Island",-14.667892,145.4443815,"2/9/2009","FLMNH_036_C07","","","yes",0,0,1,0,0,0,0,0,0,1,"FLMNH_036_C07","8172-echinodermata","b08a6ee9-d7e7-4744-823f-079bbdb66112"
"8336","Holothuria","impatiens","gracilis","gracilis","ESU1","Lizard Island",-14.45434,145.308842,"2/15/2009","FLMNH_036_D01","","","yes",0,0,1,0,0,0,0,0,0,1,"FLMNH_036_D01","8336-echinodermata","40f8c461-0871-4286-b724-d7781c5508df"
"8174","Holothuria","impatiens","ESU2","ESU2","ESU2","Lizard Island",-14.667892,145.4443815,"2/9/2009","FLMNH_036_D07","","","yes",0,0,1,0,0,0,0,0,0,1,"FLMNH_036_D07","8174-echinodermata","7859d11f-183c-455c-98eb-446f18099e8f"
"8348","Holothuria","gracilis","gracilis","gracilis","gracilis","Lizard Island",-14.6068,145.3506,"2/16/2009","FLMNH_036_D11","","","yes",0,0,1,0,0,0,0,0,0,1,"FLMNH_036_D11","8348-echinodermata","d29739c5-6d02-4f4b-ab16-653b1bee496a"
"8459","Holothuria","impatiens","ESU1","ESU1","ESU1","Lizard Island",-14.3902,145.2737,"2/21/2009","FLMNH_036_E04","","","yes",0,0,1,0,0,0,0,0,0,1,"FLMNH_036_E04","8459-echinodermata","a1921073-37f4-4705-a452-73780b392bff"
"8288","Holothuria","impatiens","gracilis","gracilis","gracilis","Lizard Island",-14.6805,145.4714,"2/10/2009","FLMNH_036_E08","","","yes",0,0,1,0,0,0,0,0,0,1,"FLMNH_036_E08","8288-echinodermata","62a7cbd9-e990-41dd-869a-9f9657766993"
"8354","Holothuria","impatiens","gracilis","gracilis","gracilis","Lizard Island",-14.7746,145.3673,"2/16/2009","FLMNH_036_E11","","","yes",0,0,1,0,0,0,0,0,0,1,"FLMNH_036_E11","8354-echinodermata","2bbe5980-04fb-46c2-99a3-2f604231f7e6"
"8364","Holothuria","impatiens","gracilis","gracilis","gracilis","Lizard Island",-14.7746,145.3673,"2/16/2009","FLMNH_036_F03","","","yes",0,0,1,0,0,0,0,0,0,1,"FLMNH_036_F03","8364-echinodermata","74cfb3c7-996d-4362-be73-56c744157892"
"8192","Holothuria","impatiens","ESU1","ESU1","ESU1","Lizard Island",-14.6805,145.4714,"2/10/2009","FLMNH_036_F07","","","yes",0,0,1,0,0,0,0,0,0,1,"FLMNH_036_F07","8192-echinodermata","9e28b3ff-d5e3-4b58-a3e6-5615c9be269a"
"8355","Holothuria","impatiens","ESU2","ESU2","ESU2","Lizard Island",-14.7746,145.3673,"2/16/2009","FLMNH_036_G11","","","yes",0,0,1,0,0,0,0,0,0,1,"FLMNH_036_G11","8355-echinodermata","233e0eeb-058e-4783-a461-83f5d237a6ce"
"6138","Holothuria","impatiens","Hawaii","Hawaii","ESU1/hawaii","FFS",23.8732,-166.2348,"10/16/2006","FLMNH_038_C07","","","",0,0,1,0,0,0,0,0,0,1,"FLMNH_038_C07","6138-echinodermata","e766ae46-9e47-4c6d-bb42-4ba6f32c6fd5"
"6140","Holothuria","impatiens","Hawaii","Hawaii","ESU1/hawaii","FFS",23.8732,-166.2348,"10/16/2006","FLMNH_038_D06","","","",0,0,1,0,0,0,0,0,0,1,"FLMNH_038_D06","6140-echinodermata","2f2baf1f-1318-4cb0-8180-0e980adc7025"
"6141","Holothuria","impatiens","Hawaii","Hawaii","ESU1/hawaii","FFS",23.8732,-166.2348,"10/16/2006","FLMNH_038_E06","","","",0,0,1,0,0,0,0,0,0,1,"FLMNH_038_E06","6141-echinodermata","6d33bd14-f7d0-4071-b45b-d5ecce1b18dc"
"6139","Holothuria","impatiens","Hawaii","Hawaii","ESU1/hawaii","FFS",23.8732,-166.2348,"10/16/2006","FLMNH_038_E08","","","",0,0,1,0,0,0,0,0,0,1,"FLMNH_038_E08","6139-echinodermata","808c2d6d-994f-4fc2-a27a-caa22db8fbf9"
"6142","Holothuria","impatiens","Hawaii","Hawaii","ESU1","FFS",23.8732,-166.2348,"10/16/2006","FLMNH_038_F06","","","",0,0,1,0,0,0,0,0,0,1,"FLMNH_038_F06","6142-echinodermata","d3cf15cc-fd2a-43be-815f-0960d50c06be"
"6143","Holothuria","impatiens","Hawaii","Hawaii","ESU1/hawaii","FFS",23.8732,-166.2348,"10/16/2006","FLMNH_038_G06","","","",0,0,1,0,0,0,0,0,0,1,"FLMNH_038_G06","6143-echinodermata","1040b4fc-0397-4af8-a0fb-3e8a6e17bcf8"
"7488","Holothuria","impatiens","ESU2","ESU2","ESU2","Nosy BÃ©",-13.4244,48.3642,"5/15/2008","FLMNH_043_A06","","","",0,0,1,0,0,0,0,0,0,1,"FLMNH_043_A06","7488-echinodermata","769ec896-0ece-4f5a-a2f0-a0bb6c6626c9"
"7383","Holothuria","impatiens","ESU3","ESU3","ESU1","Nosy BÃ©",-13.4806,48.2333,"5/14/2008","FLMNH_043_A08","","","yes",0,0,1,0,0,0,0,0,0,1,"FLMNH_043_A08","7383-echinodermata","61c41fca-8f06-4e09-9449-3d5abd21a08d"
"7531","Holothuria","impatiens","ESU2","ESU2","ESU2","Nosy BÃ©",-13.4139,48.3056,"5/16/2008","FLMNH_043_B09","","","yes",0,0,1,0,0,0,0,0,0,1,"FLMNH_043_B09","7531-echinodermata","c1861b46-8eb0-4e39-93a5-e6c1ccc8b168"
"7541","Holothuria","impatiens","ESU2","ESU2","ESU2","Nosy BÃ©",-13.4139,48.3056,"5/16/2008","FLMNH_043_D11","","","yes",0,0,1,0,0,0,0,0,0,1,"FLMNH_043_D11","7541-echinodermata","5850c1a7-f8a5-4f1b-9b26-96119b95ae86"
"7384","Holothuria","impatiens","ESU2","ESU2","ESU2","Nosy BÃ©",-13.4806,48.2333,"5/14/2008","FLMNH_043_G07","","","yes",0,0,1,0,0,0,0,0,0,1,"FLMNH_043_G07","7384-echinodermata","17c3b428-ac79-44a0-81ac-db7e3c0ff772"
"8942","Holothuria","impatiens","ESU3","ESU3","gracilis","Tanzania",-6.38733,39.28727,"8/16/2009","FLMNH_080_A03","","","",0,0,1,0,0,0,0,0,0,1,"FLMNH_080_A03","8942-echinodermata","1ad44e84-e89e-4bc4-871d-55471a41dbe6"
"8574","Holothuria","impatiens","ESU1","ESU1","ESU1","Lizard Island",-14.667892,145.4443815,"2/2009","FLMNH_080_A05","","","yes",0,0,1,0,0,0,0,0,0,1,"FLMNH_080_A05","8574-echinodermata","d7ea9dcd-fb48-432d-8080-48c82fff49c6"
"8943","Holothuria","impatiens","ESU2","ESU2","ESU2","Tanzania",-6.38733,39.28727,"8/16/2009","FLMNH_080_B04","","","",0,0,1,0,0,0,0,0,0,1,"FLMNH_080_B04","8943-echinodermata","274d11f2-2022-47b1-adc0-0bb8e925c9df"
"8604","Holothuria","impatiens","ESU1","ESU1","ESU1","Lizard Island",-14.667892,145.4443815,"2/2009","FLMNH_080_C06","","","no",0,0,1,0,0,0,0,0,0,1,"FLMNH_080_C06","8604-echinodermata","89c564a3-5acf-469a-876a-9fad3a29a82a"
"8939","Holothuria","impatiens","ESU1","ESU1","ESU1","Tanzania",-6.38733,39.28727,"8/16/2009","FLMNH_080_C11","","","",0,0,1,0,0,0,0,0,0,1,"FLMNH_080_C11","8939-echinodermata","e126eb90-d493-4e85-842b-dc44c96d7f86"
"8944","Holothuria","impatiens","ESU2","ESU2","ESU2","Tanzania",-6.38733,39.28727,"8/16/2009","FLMNH_080_E05","","","",0,0,1,0,0,0,0,0,0,1,"FLMNH_080_E05","8944-echinodermata","30a7dd5e-36b3-46d8-8c3c-9e1d6a521ad5"
"8603","Holothuria","impatiens","ESU1","ESU1","ESU1","Lizard Island",-14.667892,145.4443815,"2/2009","FLMNH_080_G03","","","no",0,0,1,0,0,0,0,0,0,1,"FLMNH_080_G03","8603-echinodermata","9cff6876-9063-4098-aa13-d0481246d148"
"9440","Holothuria","impatiens","gracilis","gracilis","gracilis","Ningaloo",-22.74152,113.6836,"5/15/2009","FLMNH_093_A03","","","",0,0,1,0,0,0,0,0,0,1,"FLMNH_093_A03","9440-echinodermata","0b7cead4-0b37-419c-be3e-4a3b7591b557"
"9544","Holothuria","impatiens","gracilis","gracilis","gracilis","Ningaloo",-22.49297,113.7258,"5/2009","FLMNH_093_C06","","","yes",0,0,1,0,0,0,0,0,0,1,"FLMNH_093_C06","9544-echinodermata","4213ab71-3421-4eed-b26c-bd4fd1f87abd"
"9628","Holothuria","impatiens","ESU2","ESU2","ESU2","Ningaloo",-22.72148,113.6424,"5/2009","FLMNH_094_B03","","","yes",0,0,1,0,0,0,0,0,0,1,"FLMNH_094_B03","9628-echinodermata","c7dbbf20-6de9-4d16-9f5d-46c43bbd852f"
"9611","Holothuria","impatiens","ESU2","ESU2","ESU2","Ningaloo",-22.59,113.65,"5/2009","FLMNH_094_B05","","","yes",0,0,1,0,0,0,0,0,0,1,"FLMNH_094_B05","9611-echinodermata","d613524a-c130-42e2-815f-f18ef37a9fde"
"4713","Holothuria","impatiens","tiger","tiger","tiger","Marianas",13.5,144.8,"2003","FLMNH_112_G06","","","",0,0,1,0,0,0,0,0,0,1,"FLMNH_112_G06","4713-echinodermata","89110495-64b1-4eee-a285-57d2651a0fc9"
"9412","Holothuria","gracilis","gracilis","gracilis","","Ningaloo",-22.67533,113.6843,"05/01/09","FLMNH_120_B04","","","yes",0,0,1,0,0,0,0,0,0,1,"FLMNH_120_B04","9412-echinodermata","488d8600-4a66-431e-bb58-71d8c8a18f40"
"9637","Holothuria","impatiens","Gala","Gala","Gala","Galapagos Islands",-0.647814,-91.177374,"6/26/1991","FLMNH_154_A02","","","",0,0,1,0,0,0,0,0,0,1,"FLMNH_154_A02","9637-echinodermata","17e5d5d7-9b1f-4ffa-a936-a6a846d5d9a3"
"9640","Holothuria","impatiens","Gala","Gala","Gala","Galapagos Islands",0.011035,-91.218653,"5/3/1996","FLMNH_154_D02","","","",0,0,0,0,0,0,0,0,0,0,"FLMNH_154_D02","9640-echinodermata","16567674-b1a2-43cb-902a-97f5e81f672a"
"9641","Holothuria","impatiens","Gala","Gala","Gala","Galapagos Islands",-1.336557,-90.298985,"3/8/1997","FLMNH_154_E02","","","",0,0,1,0,0,0,0,0,0,1,"FLMNH_154_E02","9641-echinodermata","bd9aa304-d710-4c5c-ab83-20dd7cc3369b"
"9353","Holothuria","impatiens","ESU1","missing","ESU1","Glorieuses",-11.5775,47.28366667,"5/8/2009","FLMNH_160_C05","","","",0,0,0,0,0,0,0,0,0,0,"FLMNH_160_C05","9353-echinodermata","1298e4e9-f466-47a4-88c5-c453d2ea54c6"
"9343","Holothuria","impatiens","ESU1","missing","ESU1","Ile du Lys",-11.51576667,47.37331667,"5/7/2009","FLMNH_160_D05","","","",0,0,0,0,0,0,0,0,0,0,"FLMNH_160_D05","9343-echinodermata","7552421f-82ba-4081-820f-9130fc92aa54"
"9192","Holothuria","impatiens","ESU1","ESU1","ESU1","Europa",-22.34656667,40.33203333,"4/23/2009","FLMNH_160_E05","","","",0,0,1,0,0,0,0,0,0,1,"FLMNH_160_E05","9192-echinodermata","170e666c-c8a7-4013-a34d-70c12be79d6c"
"10078","Holothuria","truncata","gracilis","gracilis","truncata","Heron Island",-23.42996,151.9505,"11/20/2009","FLMNH_162_E12","","","yes",0,0,1,0,0,0,0,0,0,1,"FLMNH_162_E12","10078-echinodermata","f7ce36d7-3550-4ebc-94f5-21757693a42f"
"10207","Holothuria","gracilis","gracilis","gracilis","gracilis","Heron Island",-23,152,"11/2009","FLMNH_168_B09","","","no",0,0,1,0,0,0,0,0,0,1,"FLMNH_168_B09","10207-echinodermata","66b7ba35-1fce-4399-8e3a-104c81cc303b"
"10145","Holothuria","gracilis","gracilis","gracilis","gracilis?","Heron Island",-23.4312833333,152.03375,"11/23/2009","FLMNH_168_C04","","","yes",0,0,1,0,0,0,0,0,0,1,"FLMNH_168_C04","10145-echinodermata","3e2411cb-33a5-4900-b6e0-458182c2b578"
"10192","Holothuria","gracilis","gracilis","gracilis","gracilis","Heron Island",-23,152,"11/2009","FLMNH_168_D08","","","yes",0,0,1,0,0,0,0,0,0,1,"FLMNH_168_D08","10192-echinodermata","5a2a635e-acf9-4fc6-b0a2-36589d02b777"
"10184","Holothuria","gracilis","gracilis","gracilis","gracilis","Heron Island",-23.54396,151.72279,"11/27/2009","FLMNH_168_F08","","","yes",0,0,1,0,0,0,0,0,0,1,"FLMNH_168_F08","10184-echinodermata","41e6d77c-cda7-4913-b8fd-9fae6291c64c"
"10146","Holothuria","impatiens","gracilis","gracilis","?","Heron Island",-23.4283666667,151.95455,"11/25/2009","FLMNH_168_G03","","","yes",0,0,1,0,0,0,0,0,0,1,"FLMNH_168_G03","10146-echinodermata","6cbca8b2-6dcc-4747-b911-1f07c5417b35"
"10208","Holothuria","gracilis","gracilis","gracilis","gracilis","Heron Island",-23,152,"11/2009","FLMNH_168_G08","","","no",0,0,1,0,0,0,0,0,0,1,"FLMNH_168_G08","10208-echinodermata","0091f5cb-1e27-478c-b764-827ecbbb267b"
"10193","Holothuria","gracilis","gracilis","gracilis","gracilis","Heron Island",-23,152,"11/2009","FLMNH_168_H07","","","yes",0,0,1,0,0,0,0,0,0,1,"FLMNH_168_H07","10193-echinodermata","4985e969-99ef-4e51-b191-77a20470bef3"
"10206","Holothuria","gracilis","gracilis","gracilis","gracilis","Heron Island",-23,152,"11/2009","FLMNH_168_H09","","","no",0,0,1,0,0,0,0,0,0,1,"FLMNH_168_H09","10206-echinodermata","d888a192-d12d-44cb-ada4-e9415706c7e3"
"10043","Holothuria","gracilis","gracilis","gracilis","gracilis","Heron Island",-23.3174166667,151.7169833333,"11/17/2009","FLMNH_171_A07","","","yes",0,0,1,0,0,0,0,0,0,1,"FLMNH_171_A07","10043-echinodermata","23557a9d-bcfe-4556-902a-ae0601167e0e"
"10129","Holothuria","gracilis","gracilis","gracilis","gracilis","Heron Island",-23.4417666667,151.9004333333,"11/16/2009","FLMNH_171_C03","","","no",0,0,1,0,0,0,0,0,0,1,"FLMNH_171_C03","10129-echinodermata","793d276d-fc20-4669-b09d-28d46d3e5641"
"10130","Holothuria","gracilis","gracilis","gracilis","gracilis","Heron Island",-23.4417666667,151.9004333333,"11/16/2009","FLMNH_171_D03","","","no",0,0,1,0,0,0,0,0,0,1,"FLMNH_171_D03","10130-echinodermata","6072efc7-211d-4df2-823e-1cc74e0eb906"
"10053","Holothuria","truncata","gracilis","gracilis","truncata","Heron Island",-23.2891333333,151.76695,"11/17/2009","FLMNH_171_D04","","","yes",0,0,1,0,0,0,0,0,0,1,"FLMNH_171_D04","10053-echinodermata","1083a71a-f7d0-4b8a-9aa0-433452a27ce2"
"10124","Holothuria","truncata","gracilis","gracilis","truncata","Heron Island",-23.4417666667,151.9004333333,"11/16/2009","FLMNH_171_G03","","","no",0,0,1,0,0,0,0,0,0,1,"FLMNH_171_G03","10124-echinodermata","428e50fe-6309-46ca-8caf-89873b223bac"
"4737","Holothuria","impatiens","tiger","tiger","tiger?","Guam",13.5403,144.804831,"2003","G0095","","yes","",1,0,0,0,0,0,0,0,0,1,"G0095","4737-echinodermata","274ea9ec-9114-491c-af00-449e88c7acfb"
"1611b","Holothuria","impatiens","Wpac","Wpac","ESU1","Palau",NA,NA,"3/5/2003","G0102","","","",1,1,0,0,0,0,0,0,0,2,"G0102","1611-echinodermata","19892b52-6b99-46cd-890d-a447e07f866f"
"4709","Holothuria","impatiens","tiger","tiger","tiger","Guam",13.5,144.8,"2003","G0108","","","",1,1,1,0,0,0,0,0,0,3,"G0108","4709-echinodermata","3a826848-1ded-4433-b347-6b14e6198b4b"
"3430","Holothuria","impatiens","EP","EP","EP","Panama",8.243,-78.8723333333,"4/7/2004","G0149","","","",1,0,1,0,0,0,0,0,0,2,"G0149","3430-echinodermata","73b1b15f-7e87-4f7f-bce1-76bf832c5460"
"4808","Holothuria","impatiens","Hawaii","Hawaii","ESU1/hawaii","Oahu",19.99667,-155.24556,"2/24/2006","G0181","","","",1,1,1,0,0,0,0,0,0,3,"G0181","4808-echinodermata","a644b8c0-fdaa-4402-9d51-c9e84441daeb"
"2100","Holothuria","impatiens","WA","WA","WA","Virgin Islands",18.3390972222,-64.6761444444,"","G0222","","","",1,1,1,1,1,0,0,0,1,6,"G0222","2100-echinodermata","18791598-c54a-4456-9c44-868517393247"
"MOLAF087","Holothuria","impatiens","Medit","Medit","","Sicily",38.13,15.05,"","G0242","","","",1,0,1,0,1,0,0,0,0,3,"G0242",NA,NA
"LACM_2003_76","Holothuria","impatiens","WA","WA","subsample only","Bocas",9.350162,-82.259313,"","G0341","","","",1,1,0,0,0,0,0,0,0,2,"G0341",NA,NA
"BNZ1761","Holothuria","impatiens","ESU2","Wpac","Wpac","",NA,NA,"","G0348","","","",1,0,0,0,0,0,0,0,0,1,"G0348",NA,NA
"929","Holothuria","impatiens","Hawaii","Hawaii","BandW","Hawaii",20.999748,-156.667097,"10/10/2000","J0321","","","",1,0,1,0,0,0,0,0,0,2,"J0321","929-echinodermata","0bfca8ac-cb6f-4b6d-9db4-e039a62d19aa"
"1280","Holothuria","impatiens","tiger","tiger","tiger","Maui",21.001197,-156.668389,"11/12/2002","J0419","","yes (buttons only)","",1,1,1,1,1,0,1,0,1,7,"J0419","1280-echinodermata","c7023670-44c5-4be2-b186-32b5b757d72a"
"Samyn","Holothuria","impatiens","ESU1","ESU1","","Comoros",-11.65,43.33,"","K0126","","","",1,0,1,0,0,0,0,0,0,2,"K0126",NA,NA
"MOLAF123","Holothuria","impatiens","Medit","Medit","","Sicily",38.13,15.05,"","N0014","","","",1,0,1,0,1,0,0,0,1,4,"N0014",NA,NA
"MOLAF125","Holothuria","impatiens","ESU1","ESU1","","GBR",-12.2533333,143.2316667,"","N0023","","","",1,0,1,0,0,0,0,0,0,2,"N0023",NA,NA
"MOLAF138","Holothuria","impatiens","ESU3","ESU3","","PNG",-10.33,150.42,"","N0027","","","",1,1,1,0,0,0,0,0,0,3,"N0027",NA,NA
"MOLAF139","Holothuria","impatiens","ESU1","ESU1","","PNG",-9.536,147.289,"","N0028","","","",1,1,1,0,0,0,0,0,0,3,"N0028",NA,NA
"9667","Holothuria","impatiens","Gala","Gala","Gala","Galapagos Islands",-0.761374,-90.304248,"4/29/1994","N0057,N0188,FLMNH_154_G06","","","",0,0,0,0,0,0,0,0,1,1,"N0057","9667-echinodermata","1795cad7-a206-4df1-a8fc-455efcb74d82"
"9668","Holothuria","impatiens","Gala","Gala","Gala","Galapagos Islands",-0.25922,-91.461394,"5/2/1996","N0061,N0185,FLMNH_154_H06","","","",0,0,1,1,1,0,0,0,1,4,"N0061","9668-echinodermata","cae6d306-f1a5-4186-a051-abde78d69def"
"3625","Holothuria","impatiens","ESU1","ESU1","ESU1","Palau",7.161111,134.376111,"","N0122","","","",1,1,1,0,0,0,0,0,0,3,"N0122","3625-echinodermata","f6512fef-496d-4be4-8b09-88dffd8b867d"
"4343","Holothuria","impatiens","ESU1","ESU1","ESU1","Vanuatu",-15.4777777778,167.2583333333,"1/18/2005","N0123","","","",1,0,1,0,0,0,0,0,0,2,"N0123","4343-echinodermata","7302cbb4-3f7d-46e7-96cb-25e7aa30baec"
"216","Holothuria","impatiens","ESU2","ESU2","ESU2","Guam",13.5,144.8,"8/22/1984","N0124","","","",0,0,1,0,0,0,0,0,0,1,"N0124","216-echinodermata","ab3298d6-e1ce-4875-8a54-46f7713de13e"
"2268","Holothuria","impatiens","ESU1","ESU1","ESU1","Papua New Guinea",-3.5908333333,148.0319444444,"6/20/2003","N0125","","","",1,0,1,0,0,0,0,0,0,2,"N0125","2268-echinodermata","0693601f-e3a0-4b05-bbdf-505bafaca974"
"220","Holothuria","impatiens","ESU2","ESU2","ESU2","Guam",13.5,144.8,"8/22/1984","N0126","","","",0,0,1,0,0,0,0,0,0,1,"N0126","220-echinodermata","813bf40b-5f41-480b-8a18-01be8893c396"
"3929","Holothuria","impatiens","ESU1","ESU1","ESU1","Okinawa",13.5,144.8,"7/4/2004","N0127","","","",0,0,1,0,0,0,0,0,0,1,"N0127","3929-echinodermata","4f01f8c8-10a3-42c8-be35-1b37d051c56e"
"3928","Holothuria","impatiens","ESU1","ESU1","ESU1","Okinawa",13.5,144.8,"7/26/2004","N0128","","","",1,0,1,0,0,0,0,0,0,2,"N0128","3928-echinodermata","aafae8e3-a0a2-4488-951e-02efc0aaf4f3"
"4307","Holothuria","impatiens","ESU1","ESU1","ESU1","Vanuatu",-15.5325,167.2141666667,"1/16/2005","N0129","","","",1,0,1,0,0,0,0,0,0,2,"N0129","4307-echinodermata","47e3c626-d948-4de1-bbe3-6cf9549576c4"
"574","Holothuria","impatiens","ESU1","ESU1","ESU1","Tikehau",-15.133333,-148.233333,"6/10/2001","N0130","","","",1,0,1,0,0,0,0,0,0,2,"N0130","574-echinodermata","076af40c-3589-40b8-8e34-7dd75539c685"
"FRM106","Holothuria","impatiens","EP","EP","","Panama",7.97,-82.03,"","N0132","","","yes",1,1,1,1,1,0,1,0,1,7,"N0132",NA,NA
"FRM107","Holothuria","impatiens","EP","EP","","Panama",7.966,-81.983,"","N0133","","","yes",1,1,1,1,1,0,1,0,0,6,"N0133",NA,NA
"FRM110","Holothuria","impatiens","EP","EP","","Panama",7.97,-82.03,"","N0134","","","yes",1,1,1,1,1,0,1,0,1,7,"N0134",NA,NA
"4264","Holothuria","impatiens","ESU1","ESU1","ESU1","Oman",23.637545,58.48879,"1/26/2005","N0146,C0021","","","",1,1,1,0,0,0,0,0,0,3,"N0146","4264-echinodermata","edc5f80e-53a7-44fe-bf8f-23882b2fad8b"
"1850","Holothuria","impatiens","ESU1","ESU1","ESU1/hawaii","Oahu",21.287347,-157.672663,"8/31/1999","N0147,C0023","","","",1,1,1,1,1,0,1,0,1,7,"N0147","1850-echinodermata","d2bf4900-53de-4757-98eb-96592ab4993d"
"596","Holothuria","impatiens","ESU1","ESU1","ESU1","Moorea",-17.5,-149.8,"10/26/2001","N0148","","","",1,1,1,0,0,0,0,0,0,3,"N0148","596-echinodermata","00f68441-db44-4eee-b8fe-55ece76e2bc2"
"1587","Holothuria","impatiens","Hawaii","Hawaii","BandW","Hawaii",20.96403,-156.667884,"","N0149","","","",1,0,1,0,0,0,0,0,0,2,"N0149","1587-echinodermata","ff7fe427-13a2-44de-af17-863934cb251b"
"FRM124","Holothuria","impatiens","EP","EP","","Panama",7.627,-81.7265,"","N0167","","","no",1,1,1,1,1,0,1,0,1,7,"N0167",NA,NA
"9655","Holothuria","impatiens","Gala","Gala","Gala","Galapagos Islands",-0.296018,-91.655883,"5/4/1994","N0184,FLMNH_154_G04","","","",1,0,1,1,1,0,0,0,1,5,"N0184","9655-echinodermata","c9dbc5fe-2700-48f0-8b3c-a4264a66f3eb"
"FRM124small","Holothuria","impatiens","EP","EP","","Panama",7.627,-81.7265,"","N0240","","","no",1,1,1,1,1,0,1,0,0,6,"N0240",NA,NA
"FRM153","Holothuria","impatiens","EP","EP","","Panama",7.64,-81.739,"","N0263","","","no",1,1,1,1,1,0,1,0,0,6,"N0263",NA,NA
"5620","Holothuria","impatiens","gracilis","gracilis","gracilis","Bohol",9.55361,123.72852,"6/11/2006","N0372","","","",1,1,1,1,1,0,1,0,0,6,"N0372","5620-echinodermata","f30e34cc-8500-41ad-843f-edd0eda12738"
"10122","Holothuria","gracilis","gracilis","gracilis","gracilis","Heron Island",-23.4417666667,151.9004333333,"11/16/2009","N0484","","","no",1,1,1,1,1,0,1,1,1,8,"N0484","10122-echinodermata","c871477e-61f9-49a3-ac05-26c1e88a467f"
"10123","Holothuria","impatiens","ESU2","ESU2","ESU2","Heron Island",-23.43304,152.04089,"11/23/2009","N0485,N1161","","","no",0,1,1,0,0,0,0,0,0,2,"N0485","10123-echinodermata","f9ca47ec-8ebc-44a5-8069-c9fc74e0d94d"
"10125","Holothuria","gracilis","gracilis","gracilis","gracilis","Heron Island",-23.4417666667,151.9004333333,"11/16/2009","N0486","","","no",0,0,0,0,0,0,0,0,0,0,"N0486","10125-echinodermata","7b239eb0-0172-46ae-bb93-381aa10ef40c"
"7929","Holothuria","impatiens","gracilis","","gracilis","One Tree Island",-23.502138,152.086632,"11/2008","N0488, N0489","","","no",0,0,0,0,0,0,0,0,0,0,"N0488","7929-echinodermata","3ed2208e-c40e-4e6f-9243-4d4c88b887af"
"10951","Holothuria","impatiens","ESU1","ESU1","ESU1","Okinawa",26.444199,127.772746,"5/14/2011","N0553","","","yes",0,0,1,1,1,0,1,0,1,5,"N0553","10951-echinodermata","7fe20494-1c48-4976-ad78-5dce9f608f5e"
"10955","Holothuria","impatiens","ESU1","ESU1","ESU1","Okinawa",26.251732,127.672239,"5/15/2011","N0554","","","yes",0,0,1,1,1,0,1,0,1,5,"N0554","10955-echinodermata","172f9aa5-5d95-4a36-b8a4-3762fbfc2e15"
"11012","Holothuria","impatiens","ESU2","ESU2","ESU2","Okinawa",26.32577,127.744874,"5/19/2011","N0555","","","yes",1,1,1,1,1,0,0,1,1,7,"N0555","11012-echinodermata","21b333ff-4a89-4396-af1a-f779aacb0b79"
"10127","Holothuria","truncata","gracilis","gracilis","truncata","Heron Island",-23.4417666667,151.9004333333,"11/16/2009","N0556,FLMNH_171_E02","","","no",1,0,1,1,1,0,1,0,1,6,"N0556","10127-echinodermata","9b7303a1-6358-46e3-b23e-886fed66f532"
"10126","Holothuria","gracilis","gracilis","gracilis","gracilis","Heron Island",-23.4417666667,151.9004333333,"11/16/2009","N0557,FLMNH_171_H01","","","no",1,1,1,1,1,0,1,0,1,7,"N0557","10126-echinodermata","938d5a76-8d31-4a2c-9137-fe2c4d80c88a"
"5624","Holothuria","impatiens","ESU3","ESU3","gracilis","Siquijor Prov.",9.22212,123.44926,"5/21/2006","N0575,X0043","","","",1,1,1,1,1,0,0,0,1,6,"N0575","5624-echinodermata","5475296c-34e6-4ed3-9e1f-0d120657e437"
"7360","Holothuria","impatiens","ESU3","ESU3","gracilis","Nosy BÃ©",-13.5039,47.9517,"5/13/2008","N0576,FLMNH_043_H05","","","yes",1,1,1,0,1,0,1,0,0,5,"N0576","7360-echinodermata","71617984-90c8-4580-8039-73fc061a1fc2"
"8928","Holothuria","impatiens","ESU3","ESU3","gracilis","Tanzania",-6.14623,39.13786,"8/13/2009","N0577,FLMNH_080_H09","","","",1,1,1,0,1,0,1,0,0,5,"N0577","8928-echinodermata","0b7df294-90c8-42bc-ab0f-64de1f84b38d"
"8193","Holothuria","impatiens","ESU1","ESU1","BandW","Lizard Island",-14.6805,145.4714,"2/10/2009","N0578,FLMNH_036_E07","","","yes",1,1,1,1,1,0,1,0,1,7,"N0578","8193-echinodermata","16419da2-c675-4ad9-8782-678281c6258a"
"8941","Holothuria","impatiens","ESU3","ESU3","gracilis","Tanzania",-6.38733,39.28727,"8/16/2009","N0579,FLMNH_080_G01","","","",1,1,1,1,1,0,1,0,0,6,"N0579","8941-echinodermata","a53391e2-3739-484b-9f6e-791092fe2067"
"7469","Holothuria","impatiens","ESU3","ESU3","ESU3","Nosy BÃ©",-13.4806,48.2333,"5/14/2008","N0580,FLMNH_043_D04","","","yes",1,1,1,1,1,0,1,0,0,6,"N0580","7469-echinodermata","c455267d-e048-474b-93a3-dcc49659cb42"
"8191","Holothuria","impatiens","ESU1","BandW","ESU1","Lizard Island",-14.6805,145.4714,"2/10/2009","N0581,FLMNH_036_G07","","","yes",1,0,1,1,1,0,1,0,1,6,"N0581","8191-echinodermata","1217c309-231b-44e2-a37d-a3e25ad3ef2e"
"10313","Holothuria","impatiens","ESU1","ESU1","BandW","Guam",13.4649,144.6872,"6/9/2010","N0582","","","yes",0,1,1,1,1,0,1,0,1,6,"N0582","10313-echinodermata","26f65c44-95df-4261-bc41-105d5988c021"
"9699","Holothuria","impatiens","RedSea","RedSea","","Egypt",27.32,33.71,"09/03/09","N0583,FLMNH_084_H05","STA1EG004","yes","",1,1,1,0,1,0,1,1,1,7,"N0583","9699-echinodermata","8975273b-e54a-4f0c-a88e-9c14cf4503c5"
"9701","Holothuria","impatiens","RedSea","RedSea","","Egypt",27.32,33.71,"09/03/09","N0584,FLMNH_084_D05","ST01EG026","yes","",1,1,1,0,1,0,1,1,1,7,"N0584","9701-echinodermata","75b6b711-685e-4da2-ae9b-902ea44b1f97"
"PH-9","Holothuria","impatiens","gracilis","gracilis","subsample only","Philippines",16.38,119.91,"","N0613","","","",0,0,1,1,1,0,1,0,1,5,"N0613",NA,NA
"PH-10","Holothuria","impatiens","gracilis","gracilis","subsample only","Philippines",16.38,119.91,"","N0614","","","",0,0,1,1,1,0,1,0,1,5,"N0614",NA,NA
"PH-11","Holothuria","impatiens","gracilis","gracilis","subsample only","Philippines",16.38,119.91,"","N0615","","","",0,0,1,0,1,0,1,0,0,3,"N0615",NA,NA
"PH-HI-1","Holothuria","impatiens","Wpac","Wpac",NA,"Philippines",16.38,119.91,"","N0627","","","yes",0,0,1,1,1,0,1,0,0,4,"N0627",NA,NA
"PH-HI-2","Holothuria","impatiens","Wpac","Wpac",NA,"Philippines",16.38,119.91,"","N0628","","","yes",0,0,1,1,1,0,1,0,0,4,"N0628",NA,NA
"PH-HI-3","Holothuria","impatiens","Wpac","Wpac",NA,"Philippines",16.38,119.91,"","N0629","","","yes",0,0,1,1,1,0,1,0,0,4,"N0629",NA,NA
"PH-HI-4","Holothuria","impatiens","Wpac","Wpac",NA,"Philippines",16.38,119.91,"","N0654","","","yes",0,0,1,1,1,0,1,0,0,4,"N0654",NA,NA
"PH-HI-5","Holothuria","impatiens","Wpac","Wpac"," ","Philippines",16.38,119.91,"","N0655","","","yes",0,0,1,1,1,0,0,0,0,3,"N0655",NA,NA
"RUMF-ZE-00074","Holothuria","impatiens","ESU3","ESU3","ESU3","Okinawa",26.303483,126.827283,"","N0758","","","yes",0,0,1,1,1,0,1,0,1,5,"N0758",NA,NA
"11817","Holothuria","impatiens","WA","WA","WA","StMartin",18.07,-63.012,"4/17/2012","N1006","","","no",0,0,1,1,1,0,1,0,0,4,"N1006","11817-echinodermata","de4267f9-ed0f-439c-96c6-6aacded24b78"
"11743","Holothuria","impatiens","WA","WA","WA","StMartin",18.07,-63.012,"04/09/12","N1007","","","yes",0,0,1,1,1,0,1,0,1,5,"N1007","11743-echinodermata","a76b3d09-e72e-4bf0-965b-402a9d1507a1"
"11790","Holothuria","impatiens","WA","WA","WA","StMartin",18.102,-62.983,"04/12/12","N1008","","","yes",0,0,1,1,1,1,1,0,0,5,"N1008","11790-echinodermata","92a261bd-2f2b-45e8-854d-73f266eddba2"
"11210","Holothuria","impatiens","ESU1","ESU1","ESU1","Marquesas",-7.9631666667,-140.6638,"11/26/2012","N1009","","","",0,0,1,1,1,1,1,0,0,5,"N1009","11210-echinodermata","dc4b30a1-c626-41d1-9483-8bea60b1ae81"
"IE-2007-812","Holothuria","impatiens","assignESU","","","Madagascar",-13.416,47.95,"","N1063","","","",0,0,0,0,0,0,0,0,0,0,"N1063",NA,NA
"932","Holothuria","impatiens","ESU1","ESU1","BandW","Hawaii",20.93765,-156.34048,"10/08/2000","N1149","","","",0,0,1,0,0,0,0,0,0,1,"N1149","932-echinodermata","7abef873-fc8a-477c-80bd-4a65226eaf4a"
"962","Holothuria","impatiens","Hawaii","Hawaii","ESU1/hawaii","Hawaii",19.4769166667,-155.9398611111,"11/4/1997","N1150","","","",0,0,1,1,1,0,0,0,0,3,"N1150","962-echinodermata","84fd4fa2-289b-4c8e-9db6-910d1c0fd22a"
"6059","Holothuria","impatiens","Hawaii","Hawaii","ESU1/hawaii","Oahu",21.405246,-157.984712,"10/2006","N1151","","","",0,0,1,1,1,0,1,0,0,4,"N1151","6059-echinodermata","9556e40d-afef-49d7-b161-a0740a5861d3"
"6279","Holothuria","impatiens","Hawaii","Hawaii","ESU1/hawaii","Maui",20.8108,-156.6214,"12/8/2007","N1152","","","",0,0,1,1,1,0,1,0,0,4,"N1152","6279-echinodermata","cda896c8-885a-47d1-85d9-e85f2395c369"
"6280","Holothuria","impatiens","Hawaii","Hawaii","BandW","Maui",20.8108,-156.6214,"12/8/2007","N1153","","","",0,0,1,1,1,0,1,0,0,4,"N1153","6280-echinodermata","4e88a17c-3e15-4d23-ae63-f7660d9822f4"
"6281","Holothuria","impatiens","Hawaii","Hawaii","BandW","Maui",21.0031,-156.6694,"10/17/2007","N1154","","","",0,0,1,1,1,0,1,0,0,4,"N1154","6281-echinodermata","d066c2fa-aead-4bbb-aca6-f199c9e3b371"
"7221","Holothuria","impatiens","ESU2","","ESU2","Nosy BÃ©",-13.44624,48.33157,"5/26/2008","N1155","","","",0,0,1,0,0,0,0,0,0,1,"N1155","7221-echinodermata","c533f18c-ad3b-46ec-a68d-6bdfced159e8"
"7287","Holothuria","impatiens","ESU2","","ESU2?","Nosy BÃ©",-13.58018,47.82011,"5/24/2008","N1156","","","yes",0,0,1,1,1,1,1,0,0,5,"N1156","7287-echinodermata","ab7fed84-a8aa-4017-8b19-1c75ded33f72"
"7318","Holothuria","impatiens","ESU2","","ESU2","Nosy BÃ©",-13.44624,48.33157,"5/26/2008","N1158","","","yes",0,0,1,1,1,1,1,0,0,5,"N1158","7318-echinodermata","7c8b41d9-e949-4f71-a74e-c3fb8dff6ccd"
"8346","Holothuria","impatiens","gracilis","gracilis","juvenile, inconclusive","Lizard Island",-14.45434,145.308842,"2/15/2009","N1159","","","yes",0,0,1,0,0,0,0,0,0,1,"N1159","8346-echinodermata","491dc2e1-8490-4773-91e4-dceb1ed987b6"
"10050","Holothuria","impatiens","needsSeq","didn't amplify","juvenile, inconclusive","Heron Island",-23.4732833333,151.9504666667,"11/17/2009","N1160","","","yes",0,0,0,0,0,0,0,0,0,0,"N1160","10050-echinodermata","a6729f5c-c356-43fe-b8ad-1e868e156fbe"
"11956","Holothuria","impatiens","tigerRedSea","tigerRedSea","TigerRedSea","Djibouti",11.7,42.91,"10/02/12","N1162","","","yes",0,0,1,1,1,1,1,0,0,5,"N1162","11956-echinodermata","3ebbbe98-6f79-4363-bc5e-9749ee76fa64"
"12030","Holothuria","impatiens","RedSea","RedSea","RedSea","Djibouti",11.7,42.91,"9/30/2012","N1163","","","no",0,0,1,1,1,0,1,0,0,4,"N1163","12030-echinodermata","362a3648-9fe3-420e-8820-6b36592280b6"
"12049","Holothuria","impatiens","RedSea","RedSea","RedSea","Djibouti",11.7,42.91,"10/1/2012","N1164","","","no",0,0,1,1,1,0,1,0,0,4,"N1164","12049-echinodermata","1dcef9a6-b615-4d29-964f-eca267b49b42"
"12051","Holothuria","impatiens","RedSea","RedSea","RedSea","Djibouti",11.7,42.91,"10/1/2012","N1165","","","no",0,0,1,1,1,0,1,0,0,4,"N1165","12051-echinodermata","4db4520e-7590-4a07-833f-b2343f952ee6"
"12070","Holothuria","impatiens","","","RedSea","Djibouti",11.7,42.91,"10/2/2012","N1166","","","no",0,0,0,0,0,0,0,0,0,0,"N1166","12070-echinodermata","43543f88-89a8-4dc4-bc8e-7bbafec32001"
"12086","Holothuria","impatiens","tigerRedSea","tigerRedSea","TigerRedSea","Djibouti",11.7,42.91,"10/2/2012","N1167","","","no",0,0,1,1,1,1,1,0,0,5,"N1167","12086-echinodermata","75467547-0237-434d-8e06-c2caf47435b7"
"12184","Holothuria","impatiens","tigerRedSea","tigerRedSea","TigerRedSea","Saudi Arabia",21.75674,39.05175,"10/9/2012","N1168","","","",0,0,1,1,1,1,1,0,0,5,"N1168","12184-echinodermata","e0ea81eb-7d8a-4982-ba50-a205e48801a2"
"5556","Holothuria","impatiens","ESU1","ESU1","ESU1","Vanuatu",-15.300355,166.91821,"10/9/2006","S0050","","","",0,0,1,0,0,0,0,0,0,1,"S0050","5556-echinodermata","920f32e9-1131-47f3-9ba7-6919adbeb806"
"5566","Holothuria","impatiens","ESU1","ESU1","ESU1","Vanuatu",-15.300355,166.91821,"10/9/2006","S0057","","","",0,0,1,0,0,0,0,0,0,1,"S0057","5566-echinodermata","9bd4161a-04ab-4030-91b5-f6a93b4794d2"
"5877","Holothuria","impatiens","ESU3","ESU3","ESU1","Yap",9.54901,138.08598,"8/4/2007","S0066","","","",1,1,1,1,1,0,1,0,0,6,"S0066","5877-echinodermata","7c433462-c39e-4e19-af80-55a54ee0dc27"
"5970","Holothuria","impatiens","tiger","tiger","tiger?","Maui",20.75938,-156.466356,"7/14/2007","S0072","","","",1,0,1,1,1,1,1,0,0,6,"S0072","5970-echinodermata","7ad4708a-abc9-4f02-bedc-ef1116eec291"
"6485","Holothuria","impatiens","ESU1","ESU1","ESU1","RÃ©union",-21.1116,55.24895,"8/9/2007","S0193","","","yes",1,1,1,0,0,0,0,0,0,3,"S0193","6485-echinodermata","d68a83a0-ae3a-4d97-87ed-b048c02d2d63"
"6487","Holothuria","impatiens","ESU1","ESU1","ESU1","RÃ©union",-21.1116,55.24895,"8/9/2007","S0195","","","yes",0,0,1,0,0,0,0,0,0,1,"S0195","6487-echinodermata","9b723ab0-de9f-410e-a83d-a9f26520ac21"
"6370","Stichopus","monotuberculatus",NA,"outgroup","outgroup","Reunion",NA,NA,"","S0213","","","YES",1,0,1,1,0,0,0,1,1,5,"S0213","6370-echinodermata","93bb2aae-b5bf-4e36-bada-c9331b48255a"
"6371","Holothuria","impatiens","ESU2","ESU2","ESU2","RÃ©union",-21.0895,55.2312,"8/1/2007","S0214","","","yes",1,1,1,1,0,0,1,0,0,5,"S0214","6371-echinodermata","6f8d89c2-1a8b-43cb-8f0e-b5fc9b8c5e69"
"REU_172_1","Holothuria","impatiens","ESU1","ESU1","","RÃ©union",-21.0787,55.2256,"","S0220","","","",0,0,1,0,0,0,0,0,0,1,"S0220",NA,NA
"6771","Holothuria","impatiens","Wpac","Wpac","ESU1","Majuro",7.12419,171.35625,"4/7/2008","S0402","","","yes",1,1,1,1,1,0,1,0,1,7,"S0402","6771-echinodermata","8f4d2f39-7abf-44a5-b6e2-b50f7fc0aa4f"
"6774","Holothuria","impatiens","ESU1","ESU1","ESU1","Majuro",7.12419,171.35625,"4/7/2008","S0403","","","yes",0,0,1,0,0,0,0,0,0,1,"S0403","6774-echinodermata","56514b92-bae1-424e-a618-aa131472af25"
"6748","Holothuria","impatiens","ESU1","ESU1","ESU1","Majuro",7.12419,171.35625,"4/7/2008","S0404","","","yes",1,1,1,0,0,0,0,0,0,3,"S0404","6748-echinodermata","79597ed2-5f81-4c71-936b-a25f2e0f8f4e"
"6745","Holothuria","impatiens","ESU1","ESU1","ESU1","Majuro",7.15792,171.21438,"4/8/2008","S0407","","","",0,0,1,0,0,0,0,0,0,1,"S0407","6745-echinodermata","be5b4a94-4d92-4a49-8742-19e59ca20bfd"
"7421","Holothuria","impatiens","ESU2","ESU2","subsample only","RÃ©union",-21.0787,55.2256,"","S0417","","","",0,1,1,0,0,0,0,0,0,2,"S0417","7421-echinodermata","330ab143-a93f-4103-8e3c-18c35d8f1be5"
"6957","Holothuria","impatiens","ESU1","ESU1","ESU1","Kosrae",5.34222,163.01986,"2/23/2008","S0419","","","yes",1,0,1,0,0,0,0,0,0,2,"S0419","6957-echinodermata","53ab27e8-e76a-4104-8363-c5c81107e625"
"6929","Holothuria","impatiens","tiger","tiger","tiger","Kosrae",5.29649,162.8981,"2/27/2008","S0441","","","yes",1,0,1,1,1,1,1,0,1,7,"S0441","6929-echinodermata","38babf03-134f-4eff-9616-798605d928c6"
"6989","Holothuria","impatiens","ESU1","ESU1","ESU1","Kosrae",5.36916,163.01382,"2/28/2008","S0444","","","yes",0,0,1,0,0,0,0,0,0,1,"S0444","6989-echinodermata","4d38e26d-f796-4f08-aa64-c8011a7c20e7"
"6990","Holothuria","impatiens","ESU1","ESU1","ESU1","Kosrae",5.36916,163.01382,"2/28/2008","S0445","","","yes",0,0,1,0,0,0,0,0,0,1,"S0445","6990-echinodermata","d6bf1716-e156-4282-afd8-4a2c25fbe796"
"6988","Holothuria","impatiens","ESU1","ESU1","ESU1","Kosrae",5.36916,163.01382,"2/28/2008","S0446","","","yes",0,0,1,0,0,0,0,0,0,1,"S0446","6988-echinodermata","6fd3701a-7dd3-4626-9ec7-579620abe2c2"
"6987","Holothuria","impatiens","ESU1","ESU1","ESU1","Kosrae",5.36916,163.01382,"2/28/2008","S0447","","","yes",1,1,1,0,0,0,0,0,0,3,"S0447","6987-echinodermata","0b84ed6a-98d5-4fd1-87e6-3c73d282b5b2"
"6982","Holothuria","impatiens","ESU1","ESU1","ESU1","Kosrae",5.36916,163.01382,"2/28/2008","S0448","","","yes",0,0,1,0,0,0,0,0,0,1,"S0448","6982-echinodermata","dd63bbb4-4247-4854-bf1a-8b9e3117dda5"
"6983","Holothuria","impatiens","ESU2","ESU2","ESU2","Kosrae",5.36916,163.01382,"2/28/2008","S0449","","","yes",1,1,1,1,0,0,1,0,1,6,"S0449","6983-echinodermata","9312560a-3abb-4635-b317-a0046da6a054"
"6809","Holothuria","impatiens","Wpac","Wpac","ESU1","Kosrae",5.36916,163.01382,"2/28/2008","S0450","","","",1,0,1,1,1,1,1,0,1,7,"S0450","6809-echinodermata","9e4aab17-18eb-46b7-b188-3893224e1193"
"6967","Holothuria","impatiens","ESU1","ESU1","ESU1","Kosrae",5.36916,163.01382,"3/4/2008","S0455","","","",0,0,1,0,0,0,0,0,0,1,"S0455","6967-echinodermata","a2c0c2c5-1bf2-4dc2-a804-989ccb140b28"
"6711","Holothuria","impatiens","ESU2","ESU2","ESU2","Guam",13.479906,144.726632,"2/6/2008","S0458","","","yes",1,1,1,0,1,0,1,0,1,6,"S0458","6711-echinodermata","25e44d94-6bbb-4ea3-b5c6-03bdf5a70452"
"6729","Holothuria","impatiens","ESU2","ESU2","ESU2","Guam",13.479906,144.726632,"2/6/2008","S0459","","","yes",1,1,1,1,1,0,1,0,1,7,"S0459","6729-echinodermata","5334f8b5-dffa-43b9-a9d2-1323e1b333f1"
"6712","Holothuria","impatiens","ESU2","ESU2","ESU2","Guam",13.479906,144.726632,"2/6/2008","S0460","","","yes",1,1,1,0,1,0,0,0,1,5,"S0460","6712-echinodermata","1f3ef14f-d8f4-4bf7-90c8-40962a879e11"
"7081","Holothuria","impatiens","ESU1","ESU1","ESU1","Guam",13.426695,144.796052,"2/14/2008","S0464","","","yes",1,1,1,1,1,0,1,1,1,8,"S0464","7081-echinodermata","9f15a349-0b56-46d8-99e6-350eb9828955"
"7076","Holothuria","impatiens","ESU2","ESU2","ESU2","Guam",13.426695,144.796052,"2/14/2008","S0466","","","yes",0,0,1,0,0,0,0,0,0,1,"S0466","7076-echinodermata","a05c7ca2-1aa9-4ec4-9189-c91d8e17b04d"
"6726","Holothuria","impatiens","ESU2","ESU2","ESU2","Guam",13.426695,144.796052,"2/14/2008","S0467","","","yes",0,0,1,0,0,0,0,0,0,1,"S0467","6726-echinodermata","6075fb6f-3a79-4abb-ae1d-7ab1ece1bd4b"
"6722","Holothuria","impatiens","ESU2","ESU2","ESU2","Guam",13.426695,144.796052,"2/14/2008","S0468","","","yes",0,1,1,0,0,0,0,0,0,2,"S0468","6722-echinodermata","a3b3c913-adc0-4d72-8a0f-267a251e84a8"
"MOLAF124","Holothuria","impatiens","Medit","Medit","","Sicily",38.13,15.05,"","X0002","","","",1,0,1,0,0,0,0,0,0,2,"X0002",NA,NA
"4255","Holothuria","impatiens","ESU1","ESU1","ESU1","Oman",23.637545,58.48879,"1/26/2005","X0011","","","yes",1,0,0,0,0,0,0,0,0,1,"X0011","4255-echinodermata","89bb997e-f439-47ec-a013-716de4368257"
"4805","Holothuria","impatiens","Hawaii","Hawaii","ESU1/hawaii","Oahu",19.99667,-155.24556,"2/24/2006","X0027","","","",1,0,1,0,0,0,0,0,0,2,"X0027","4805-echinodermata","70856996-0d0a-4037-a20f-bea64e608477"
"1277","Holothuria","impatiens","Hawaii","Hawaii","ESU1/hawaii","Maui",20.810833,-156.621389,"11/26/2002","X0029","","","",1,0,1,0,0,0,0,0,0,2,"X0029","1277-echinodermata","82ec428f-5431-4317-bbdd-bfaa29d9c7a3"
"318","Holothuria","impatiens","ESU1","ESU1","ESU1","Rangiroa",-14.9833333333,-147.6166666667,"10/29/2001","X0030","","","",1,0,1,0,0,0,0,0,0,2,"X0030","318-echinodermata","f68d98c7-4d73-40a2-bd5e-62db08ea5b35"
"4258","Holothuria","impatiens","ESU1","ESU1","ESU1","Oman",23.637545,58.48879,"1/26/2005","X0031","","","yes",1,0,1,0,0,0,0,0,0,2,"X0031","4258-echinodermata","da115484-0f64-4ab3-a6b3-81e273e6f730"
"4098","Holothuria","impatiens","ESU1","ESU1","ESU1","Taiwan",21.9333,120.8167,"5/14/2005","X0032","","","",1,0,1,0,0,0,0,0,0,2,"X0032","4098-echinodermata","9acd90fc-2630-42d6-a363-a974f3184d65"
"4257","Holothuria","impatiens","ESU1","ESU1","ESU1","Oman",23.637545,58.48879,"1/26/2005","X0033","","","yes",1,0,1,0,0,0,0,0,0,2,"X0033","4257-echinodermata","bdfa27e9-aa60-4a54-991f-c5b4bd9241c3"
"5326","Holothuria","impatiens","ESU1","ESU1","ESU1","Moorea",-17.4748,-149.8188,"8/5/2006","X0034","","","yes",1,0,1,0,0,0,0,0,0,2,"X0034","5326-echinodermata","5f513a48-8f76-4401-a68f-5aab14ef9c14"
"5271","Holothuria","impatiens","ESU2","ESU2","ESU2","Moorea",-17.4747,-149.7981,"8/3/2006","X0035","","yes","yes",1,0,1,0,0,0,0,0,0,2,"X0035","5271-echinodermata","715e6842-80b0-4807-abf7-7bdcdbf1ec27"
"5340","Holothuria","impatiens","ESU2","ESU2","ESU2","Moorea",-17.4964,-149.7528,"6/20/2006","X0036","","yes","yes",1,0,1,0,0,0,0,0,0,2,"X0036","5340-echinodermata","161fd47c-3f26-45df-90d0-08f2fa58e1b2"
"5294","Holothuria","impatiens","ESU1","ESU1","ESU1","Moorea",-17.4836,-149.8581,"7/24/2006","X0037","","","yes",1,0,1,0,0,0,0,0,0,2,"X0037","5294-echinodermata","9bfa4ced-bf6e-45cf-a97a-5baf8f9e437c"
"5263","Holothuria","impatiens","ESU2","ESU2","ESU2","Moorea",-17.4842,-149.8578,"8/2/2006","X0038","","","yes",1,0,1,0,0,0,0,0,0,2,"X0038","5263-echinodermata","98efbf0c-4540-4bf1-9b96-9f9866afeca2"
"5339","Holothuria","impatiens","ESU1","ESU1","ESU1","Moorea",-17.4964,-149.7528,"6/20/2006","X0039","","","yes",1,0,1,0,0,0,0,0,0,2,"X0039","5339-echinodermata","1922573d-ad1f-4c68-87e9-795533dd381e"
"5320","Holothuria","impatiens","ESU1","ESU1","ESU1","Moorea",-17.4764,-149.8306,"7/18/2006","X0040","","","yes",1,0,1,0,0,0,0,0,0,2,"X0040","5320-echinodermata","fc55fa7e-76fc-4ebb-8dbb-caa1bc551d78"
"5206","Holothuria","impatiens","ESU1","ESU1","ESU1","Moorea",-17.4964,-149.7528,"6/20/2006","X0041","","","yes",1,0,1,0,0,0,0,0,0,2,"X0041","5206-echinodermata","93bad863-6bb7-4407-9dd4-8ebdc1896613"
"5290","Holothuria","impatiens","ESU1","ESU1","ESU1","Moorea",-17.4747,-149.7981,"8/3/2006","X0042","","","no",1,0,1,0,0,0,0,0,0,2,"X0042","5290-echinodermata","e7088092-009a-4cbe-b5b2-0862ae4d5689"
"5679","Holothuria","impatiens","ESU1","ESU1","ESU1","Philippines",9.43301,123.38418,"5/23/2006","X0044","","","",0,0,1,0,0,0,0,0,0,1,"X0044","5679-echinodermata","a1bc2416-f66a-41fa-bec4-777409a0d9c7"
"5597","Holothuria","impatiens","ESU1","ESU1","ESU1","Bohol",9.633092,123.782025,"6/11/2006","X0046","","","",1,0,1,0,0,0,0,0,0,2,"X0046","5597-echinodermata","9eb42eb4-9252-4538-80cc-7f06099bb523"
"5625","Holothuria","impatiens","ESU2","ESU2","ESU2","Bohol",9.633092,123.782025,"6/13/2006","X0048","","","",1,0,1,0,0,0,0,0,0,2,"X0048","5625-echinodermata","0f630f58-b80c-450d-a31c-eead22eb7331"
"5608","Holothuria","impatiens","ESU2","ESU2","ESU2","Bohol",9.633092,123.782025,"6/13/2006","X0049","","","",1,0,1,0,0,0,0,0,0,2,"X0049","5608-echinodermata","d06af634-0937-47b6-9641-c22c821edf4b"
"5610","Holothuria","impatiens","Wpac","Wpac","ESU1","Bohol",9.633092,123.782025,"6/13/2006","X0050","","","",1,0,1,0,0,0,0,0,0,2,"X0050","5610-echinodermata","4aad592a-ec08-4cf5-858a-fb4de4673660"
