UFID,Genus,Species,consensusESU,molecularESU,morphologicalESU,Country,Lat,Long,Date Collected,Extract,notes,ossicle_pictures,Photo,n16S,n16Sc,nCOI,nATP6,nc0036,nc0775,nITS,nLSU,nH3a,sumLoci
MHE006,Holothuria,impatiens,EP,EP,,Mexico,,,,A0004,,,,1,0,1,0,0,0,0,0,0,2
MHE048,Holothuria,impatiens,EP,EP,,Mexico,,,,A0031,,,,1,0,1,0,0,0,0,0,0,2
4812,Holothuria,impatiens,Hawaii,Hawaii,ESU1/hawaii,Oahu,19.99667,-155.24556,2/24/2006,C0020,,,,1,1,1,1,1,0,1,0,1,7
1858,Holothuria,impatiens,Hawaii,Hawaii,ESU1/hawaii,Maui,20.810833,-156.621389,11/5/1998,C0022,,,,1,1,1,1,1,0,0,0,1,6
1842,Holothuria,impatiens,Hawaii,Hawaii,ESU1/hawaii,Maui,20.810833,-156.621389,11/5/1998,C0024,,,,1,0,1,0,0,0,0,0,0,2
FRM134,Holothuria,impatiens,EP,EP,,Panama,7.64,-81.739,,C0028,,,no,1,1,1,1,1,0,1,0,1,7
7902,Holothuria,impatiens,WA,,WA,Belize,16.408,-88.114,10/10/2008,C0199,,,,0,0,1,0,0,0,0,0,0,1
7070a,Holothuria,impatiens,ESU1,,ESU1,Mayotte,-12.859323,45.268639,6/2/2008,C0200,,,,0,0,1,0,0,0,0,0,0,1
7070b,Holothuria,impatiens,ESU1,,ESU1,Mayotte,-12.859323,45.268639,6/2/2008,C0201,,,,0,0,1,0,0,0,0,0,0,1
7163a,Holothuria,impatiens,ESU2,,ESU2,Nosy BÃ©,-13.44624,48.33157,5/26/2008,C0202,,,,0,0,1,0,0,0,0,0,0,1
7163b,Holothuria,impatiens,ESU2,,ESU2,Nosy BÃ©,-13.44624,48.33157,5/26/2008,C0203,,,,0,0,1,0,0,0,0,0,0,1
7055b,Holothuria,impatiens,ESU1,,ESU1,Mayotte,-12.947371,45.099797,5/29/2008,N1193,,,,0,0,0,0,0,0,0,0,0,0
7055b,Holothuria,impatiens,ESU1,,ESU1,Mayotte,-12.947371,45.099797,5/29/2008,C0207,,,,0,0,1,0,0,0,0,0,0,1
7519a,Holothuria,impatiens,ESU3,,ESU3,Nosy BÃ©,-13.4244,48.3642,5/15/2008,C0208,,,,0,0,1,0,0,0,0,0,0,1
7519b,Holothuria,impatiens,ESU3,,ESU3,Nosy BÃ©,-13.4244,48.3642,5/15/2008,C0209,,,,0,0,1,1,1,0,1,0,1,5
6058,Holothuria,impatiens,,missing,ESU1/hawaii,Oahu,21.405246,-157.984712,10/2006,FLMNH_023_A10,,,yes,0,0,0,0,0,0,0,0,0,0
6243,Holothuria,impatiens,Hawaii,Hawaii,ESU1/hawaii,FFS,23.7212,-166.1328,10/24/2006,FLMNH_023_F07,,,yes,0,0,1,0,0,0,0,0,0,1
8585,Holothuria,impatiens,ESU1,ESU1,ESU1,Lizard Island,-14.667892,145.4443815,2/2009,FLMNH_036_B03,,,yes,0,0,1,0,0,0,0,0,0,1
8406,Holothuria,impatiens,ESU2,ESU2,ESU2,Lizard Island,-14.7746,145.3673,2/16/2009,FLMNH_036_B06,,,yes,0,0,1,0,0,0,0,0,0,1
8544,Holothuria,impatiens,ESU1,ESU1,ESU1,Lizard Island,-14.6857,145.4474,2/25/2009,FLMNH_036_C03,,,yes,0,0,1,0,0,0,0,0,0,1
8172,Holothuria,impatiens,ESU2,ESU2,ESU2,Lizard Island,-14.667892,145.4443815,2/9/2009,FLMNH_036_C07,,,yes,0,0,1,0,0,0,0,0,0,1
8336,Holothuria,impatiens,gracilis,gracilis,ESU1,Lizard Island,-14.45434,145.308842,2/15/2009,FLMNH_036_D01,,,yes,0,0,1,0,0,0,0,0,0,1
8174,Holothuria,impatiens,ESU2,ESU2,ESU2,Lizard Island,-14.667892,145.4443815,2/9/2009,FLMNH_036_D07,,,yes,0,0,1,0,0,0,0,0,0,1
8348,Holothuria,gracilis,gracilis,gracilis,gracilis,Lizard Island,-14.6068,145.3506,2/16/2009,FLMNH_036_D11,,,yes,0,0,1,0,0,0,0,0,0,1
8459,Holothuria,impatiens,ESU1,ESU1,ESU1,Lizard Island,-14.3902,145.2737,2/21/2009,FLMNH_036_E04,,,yes,0,0,1,0,0,0,0,0,0,1
8288,Holothuria,impatiens,gracilis,gracilis,gracilis,Lizard Island,-14.6805,145.4714,2/10/2009,FLMNH_036_E08,,,yes,0,0,1,0,0,0,0,0,0,1
8354,Holothuria,impatiens,gracilis,gracilis,gracilis,Lizard Island,-14.7746,145.3673,2/16/2009,FLMNH_036_E11,,,yes,0,0,1,0,0,0,0,0,0,1
8364,Holothuria,impatiens,gracilis,gracilis,gracilis,Lizard Island,-14.7746,145.3673,2/16/2009,FLMNH_036_F03,,,yes,0,0,1,0,0,0,0,0,0,1
8192,Holothuria,impatiens,ESU1,ESU1,ESU1,Lizard Island,-14.6805,145.4714,2/10/2009,FLMNH_036_F07,,,yes,0,0,1,0,0,0,0,0,0,1
8355,Holothuria,impatiens,ESU2,ESU2,ESU2,Lizard Island,-14.7746,145.3673,2/16/2009,FLMNH_036_G11,,,yes,0,0,1,0,0,0,0,0,0,1
6138,Holothuria,impatiens,Hawaii,Hawaii,ESU1/hawaii,FFS,23.8732,-166.2348,10/16/2006,FLMNH_038_C07,,,,0,0,1,0,0,0,0,0,0,1
6140,Holothuria,impatiens,Hawaii,Hawaii,ESU1/hawaii,FFS,23.8732,-166.2348,10/16/2006,FLMNH_038_D06,,,,0,0,1,0,0,0,0,0,0,1
6141,Holothuria,impatiens,Hawaii,Hawaii,ESU1/hawaii,FFS,23.8732,-166.2348,10/16/2006,FLMNH_038_E06,,,,0,0,1,0,0,0,0,0,0,1
6139,Holothuria,impatiens,Hawaii,Hawaii,ESU1/hawaii,FFS,23.8732,-166.2348,10/16/2006,FLMNH_038_E08,,,,0,0,1,0,0,0,0,0,0,1
6142,Holothuria,impatiens,Hawaii,Hawaii,ESU1,FFS,23.8732,-166.2348,10/16/2006,FLMNH_038_F06,,,,0,0,1,0,0,0,0,0,0,1
6143,Holothuria,impatiens,Hawaii,Hawaii,ESU1/hawaii,FFS,23.8732,-166.2348,10/16/2006,FLMNH_038_G06,,,,0,0,1,0,0,0,0,0,0,1
7488,Holothuria,impatiens,ESU2,ESU2,ESU2,Nosy BÃ©,-13.4244,48.3642,5/15/2008,FLMNH_043_A06,,,,0,0,1,0,0,0,0,0,0,1
7383,Holothuria,impatiens,ESU3,ESU3,ESU1,Nosy BÃ©,-13.4806,48.2333,5/14/2008,FLMNH_043_A08,,,yes,0,0,1,0,0,0,0,0,0,1
7531,Holothuria,impatiens,ESU2,ESU2,ESU2,Nosy BÃ©,-13.4139,48.3056,5/16/2008,FLMNH_043_B09,,,yes,0,0,1,0,0,0,0,0,0,1
7541,Holothuria,impatiens,ESU2,ESU2,ESU2,Nosy BÃ©,-13.4139,48.3056,5/16/2008,FLMNH_043_D11,,,yes,0,0,1,0,0,0,0,0,0,1
7384,Holothuria,impatiens,ESU2,ESU2,ESU2,Nosy BÃ©,-13.4806,48.2333,5/14/2008,FLMNH_043_G07,,,yes,0,0,1,0,0,0,0,0,0,1
8942,Holothuria,impatiens,ESU3,ESU3,gracilis,Tanzania,-6.38733,39.28727,8/16/2009,FLMNH_080_A03,,,,0,0,1,0,0,0,0,0,0,1
8574,Holothuria,impatiens,ESU1,ESU1,ESU1,Lizard Island,-14.667892,145.4443815,2/2009,FLMNH_080_A05,,,yes,0,0,1,0,0,0,0,0,0,1
8943,Holothuria,impatiens,ESU2,ESU2,ESU2,Tanzania,-6.38733,39.28727,8/16/2009,FLMNH_080_B04,,,,0,0,1,0,0,0,0,0,0,1
8604,Holothuria,impatiens,ESU1,ESU1,ESU1,Lizard Island,-14.667892,145.4443815,2/2009,FLMNH_080_C06,,,no,0,0,1,0,0,0,0,0,0,1
8939,Holothuria,impatiens,ESU1,ESU1,ESU1,Tanzania,-6.38733,39.28727,8/16/2009,FLMNH_080_C11,,,,0,0,1,0,0,0,0,0,0,1
8944,Holothuria,impatiens,ESU2,ESU2,ESU2,Tanzania,-6.38733,39.28727,8/16/2009,FLMNH_080_E05,,,,0,0,1,0,0,0,0,0,0,1
8603,Holothuria,impatiens,ESU1,ESU1,ESU1,Lizard Island,-14.667892,145.4443815,2/2009,FLMNH_080_G03,,,no,0,0,1,0,0,0,0,0,0,1
9440,Holothuria,impatiens,gracilis,gracilis,gracilis,Ningaloo,-22.74152,113.6836,5/15/2009,FLMNH_093_A03,,,,0,0,1,0,0,0,0,0,0,1
9544,Holothuria,impatiens,gracilis,gracilis,gracilis,Ningaloo,-22.49297,113.7258,5/2009,FLMNH_093_C06,,,yes,0,0,1,0,0,0,0,0,0,1
9628,Holothuria,impatiens,ESU2,ESU2,ESU2,Ningaloo,-22.72148,113.6424,5/2009,FLMNH_094_B03,,,yes,0,0,1,0,0,0,0,0,0,1
9611,Holothuria,impatiens,ESU2,ESU2,ESU2,Ningaloo,-22.59,113.65,5/2009,FLMNH_094_B05,,,yes,0,0,1,0,0,0,0,0,0,1
4713,Holothuria,impatiens,tiger,tiger,tiger,Marianas,13.5,144.8,2003,FLMNH_112_G06,,,,0,0,1,0,0,0,0,0,0,1
9412,Holothuria,gracilis,gracilis,gracilis,,Ningaloo,-22.67533,113.6843,05/01/09,FLMNH_120_B04,,,yes,0,0,1,0,0,0,0,0,0,1
9637,Holothuria,impatiens,Gala,Gala,Gala,Galapagos Islands,-0.647814,-91.177374,6/26/1991,FLMNH_154_A02,,,,0,0,1,0,0,0,0,0,0,1
9640,Holothuria,impatiens,Gala,Gala,Gala,Galapagos Islands,0.011035,-91.218653,5/3/1996,FLMNH_154_D02,,,,0,0,0,0,0,0,0,0,0,0
9641,Holothuria,impatiens,Gala,Gala,Gala,Galapagos Islands,-1.336557,-90.298985,3/8/1997,FLMNH_154_E02,,,,0,0,1,0,0,0,0,0,0,1
9353,Holothuria,impatiens,ESU1,missing,ESU1,Glorieuses,-11.5775,47.28366667,5/8/2009,FLMNH_160_C05,,,,0,0,0,0,0,0,0,0,0,0
9343,Holothuria,impatiens,ESU1,missing,ESU1,Ile du Lys,-11.51576667,47.37331667,5/7/2009,FLMNH_160_D05,,,,0,0,0,0,0,0,0,0,0,0
9192,Holothuria,impatiens,ESU1,ESU1,ESU1,Europa,-22.34656667,40.33203333,4/23/2009,FLMNH_160_E05,,,,0,0,1,0,0,0,0,0,0,1
10078,Holothuria,truncata,gracilis,gracilis,truncata,Heron Island,-23.42996,151.9505,11/20/2009,FLMNH_162_E12,,,yes,0,0,1,0,0,0,0,0,0,1
10207,Holothuria,gracilis,gracilis,gracilis,gracilis,Heron Island,-23,152,11/2009,FLMNH_168_B09,,,no,0,0,1,0,0,0,0,0,0,1
10145,Holothuria,gracilis,gracilis,gracilis,gracilis?,Heron Island,-23.4312833333,152.03375,11/23/2009,FLMNH_168_C04,,,yes,0,0,1,0,0,0,0,0,0,1
10192,Holothuria,gracilis,gracilis,gracilis,gracilis,Heron Island,-23,152,11/2009,FLMNH_168_D08,,,yes,0,0,1,0,0,0,0,0,0,1
10184,Holothuria,gracilis,gracilis,gracilis,gracilis,Heron Island,-23.54396,151.72279,11/27/2009,FLMNH_168_F08,,,yes,0,0,1,0,0,0,0,0,0,1
10146,Holothuria,impatiens,gracilis,gracilis,?,Heron Island,-23.4283666667,151.95455,11/25/2009,FLMNH_168_G03,,,yes,0,0,1,0,0,0,0,0,0,1
10208,Holothuria,gracilis,gracilis,gracilis,gracilis,Heron Island,-23,152,11/2009,FLMNH_168_G08,,,no,0,0,1,0,0,0,0,0,0,1
10193,Holothuria,gracilis,gracilis,gracilis,gracilis,Heron Island,-23,152,11/2009,FLMNH_168_H07,,,yes,0,0,1,0,0,0,0,0,0,1
10206,Holothuria,gracilis,gracilis,gracilis,gracilis,Heron Island,-23,152,11/2009,FLMNH_168_H09,,,no,0,0,1,0,0,0,0,0,0,1
10043,Holothuria,gracilis,gracilis,gracilis,gracilis,Heron Island,-23.3174166667,151.7169833333,11/17/2009,FLMNH_171_A07,,,yes,0,0,1,0,0,0,0,0,0,1
10129,Holothuria,gracilis,gracilis,gracilis,gracilis,Heron Island,-23.4417666667,151.9004333333,11/16/2009,FLMNH_171_C03,,,no,0,0,1,0,0,0,0,0,0,1
10130,Holothuria,gracilis,gracilis,gracilis,gracilis,Heron Island,-23.4417666667,151.9004333333,11/16/2009,FLMNH_171_D03,,,no,0,0,1,0,0,0,0,0,0,1
10053,Holothuria,truncata,gracilis,gracilis,truncata,Heron Island,-23.2891333333,151.76695,11/17/2009,FLMNH_171_D04,,,yes,0,0,1,0,0,0,0,0,0,1
10124,Holothuria,truncata,gracilis,gracilis,truncata,Heron Island,-23.4417666667,151.9004333333,11/16/2009,FLMNH_171_G03,,,no,0,0,1,0,0,0,0,0,0,1
4737,Holothuria,impatiens,tiger,tiger,tiger?,Guam,13.5403,144.804831,2003,G0095,,yes,,1,0,0,0,0,0,0,0,0,1
1611b,Holothuria,impatiens,Wpac,Wpac,ESU1,Palau,,,3/5/2003,G0102,,,,1,1,0,0,0,0,0,0,0,2
4709,Holothuria,impatiens,tiger,tiger,tiger,Guam,13.5,144.8,2003,G0108,,,,1,1,1,0,0,0,0,0,0,3
3430,Holothuria,impatiens,EP,EP,EP,Panama,8.243,-78.8723333333,4/7/2004,G0149,,,,1,0,1,0,0,0,0,0,0,2
4808,Holothuria,impatiens,Hawaii,Hawaii,ESU1/hawaii,Oahu,19.99667,-155.24556,2/24/2006,G0181,,,,1,1,1,0,0,0,0,0,0,3
2100,Holothuria,impatiens,WA,WA,WA,Virgin Islands,18.3390972222,-64.6761444444,,G0222,,,,1,1,1,1,1,0,0,0,1,6
MOLAF087,Holothuria,impatiens,Medit,Medit,,Sicily,38.13,15.05,,G0242,,,,1,0,1,0,1,0,0,0,0,3
LACM_2003_76,Holothuria,impatiens,WA,WA,subsample only,Bocas,9.350162,-82.259313,,G0341,,,,1,1,0,0,0,0,0,0,0,2
BNZ1761,Holothuria,impatiens,ESU2,Wpac,Wpac,,,,,G0348,,,,1,0,0,0,0,0,0,0,0,1
929,Holothuria,impatiens,Hawaii,Hawaii,BandW,Hawaii,20.999748,-156.667097,10/10/2000,J0321,,,,1,0,1,0,0,0,0,0,0,2
1280,Holothuria,impatiens,tiger,tiger,tiger,Maui,21.001197,-156.668389,11/12/2002,J0419,,yes (buttons only),,1,1,1,1,1,0,1,0,1,7
Samyn,Holothuria,impatiens,ESU1,ESU1,,Comoros,-11.65,43.33,,K0126,,,,1,0,1,0,0,0,0,0,0,2
MOLAF123,Holothuria,impatiens,Medit,Medit,,Sicily,38.13,15.05,,N0014,,,,1,0,1,0,1,0,0,0,1,4
MOLAF125,Holothuria,impatiens,ESU1,ESU1,,GBR,-12.2533333,143.2316667,,N0023,,,,1,0,1,0,0,0,0,0,0,2
MOLAF138,Holothuria,impatiens,ESU3,ESU3,,PNG,-10.33,150.42,,N0027,,,,1,1,1,0,0,0,0,0,0,3
MOLAF139,Holothuria,impatiens,ESU1,ESU1,,PNG,-9.536,147.289,,N0028,,,,1,1,1,0,0,0,0,0,0,3
9667,Holothuria,impatiens,Gala,Gala,Gala,Galapagos Islands,-0.761374,-90.304248,4/29/1994,"N0057,N0188,FLMNH_154_G06",,,,0,0,0,0,0,0,0,0,1,1
9668,Holothuria,impatiens,Gala,Gala,Gala,Galapagos Islands,-0.25922,-91.461394,5/2/1996,"N0061,N0185,FLMNH_154_H06",,,,0,0,1,1,1,0,0,0,1,4
3625,Holothuria,impatiens,ESU1,ESU1,ESU1,Palau,7.161111,134.376111,,N0122,,,,1,1,1,0,0,0,0,0,0,3
4343,Holothuria,impatiens,ESU1,ESU1,ESU1,Vanuatu,-15.4777777778,167.2583333333,1/18/2005,N0123,,,,1,0,1,0,0,0,0,0,0,2
216,Holothuria,impatiens,ESU2,ESU2,ESU2,Guam,13.5,144.8,8/22/1984,N0124,,,,0,0,1,0,0,0,0,0,0,1
2268,Holothuria,impatiens,ESU1,ESU1,ESU1,Papua New Guinea,-3.5908333333,148.0319444444,6/20/2003,N0125,,,,1,0,1,0,0,0,0,0,0,2
220,Holothuria,impatiens,ESU2,ESU2,ESU2,Guam,13.5,144.8,8/22/1984,N0126,,,,0,0,1,0,0,0,0,0,0,1
3929,Holothuria,impatiens,ESU1,ESU1,ESU1,Okinawa,13.5,144.8,7/4/2004,N0127,,,,0,0,1,0,0,0,0,0,0,1
3928,Holothuria,impatiens,ESU1,ESU1,ESU1,Okinawa,13.5,144.8,7/26/2004,N0128,,,,1,0,1,0,0,0,0,0,0,2
4307,Holothuria,impatiens,ESU1,ESU1,ESU1,Vanuatu,-15.5325,167.2141666667,1/16/2005,N0129,,,,1,0,1,0,0,0,0,0,0,2
574,Holothuria,impatiens,ESU1,ESU1,ESU1,Tikehau,-15.133333,-148.233333,6/10/2001,N0130,,,,1,0,1,0,0,0,0,0,0,2
FRM106,Holothuria,impatiens,EP,EP,,Panama,7.97,-82.03,,N0132,,,yes,1,1,1,1,1,0,1,0,1,7
FRM107,Holothuria,impatiens,EP,EP,,Panama,7.966,-81.983,,N0133,,,yes,1,1,1,1,1,0,1,0,0,6
FRM110,Holothuria,impatiens,EP,EP,,Panama,7.97,-82.03,,N0134,,,yes,1,1,1,1,1,0,1,0,1,7
4264,Holothuria,impatiens,ESU1,ESU1,ESU1,Oman,23.637545,58.48879,1/26/2005,"N0146,C0021",,,,1,1,1,0,0,0,0,0,0,3
1850,Holothuria,impatiens,ESU1,ESU1,ESU1/hawaii,Oahu,21.287347,-157.672663,8/31/1999,"N0147,C0023",,,,1,1,1,1,1,0,1,0,1,7
596,Holothuria,impatiens,ESU1,ESU1,ESU1,Moorea,-17.5,-149.8,10/26/2001,N0148,,,,1,1,1,0,0,0,0,0,0,3
1587,Holothuria,impatiens,Hawaii,Hawaii,BandW,Hawaii,20.96403,-156.667884,,N0149,,,,1,0,1,0,0,0,0,0,0,2
FRM124,Holothuria,impatiens,EP,EP,,Panama,7.627,-81.7265,,N0167,,,no,1,1,1,1,1,0,1,0,1,7
9655,Holothuria,impatiens,Gala,Gala,Gala,Galapagos Islands,-0.296018,-91.655883,5/4/1994,"N0184,FLMNH_154_G04",,,,1,0,1,1,1,0,0,0,1,5
FRM124small,Holothuria,impatiens,EP,EP,,Panama,7.627,-81.7265,,N0240,,,no,1,1,1,1,1,0,1,0,0,6
FRM153,Holothuria,impatiens,EP,EP,,Panama,7.64,-81.739,,N0263,,,no,1,1,1,1,1,0,1,0,0,6
5620,Holothuria,impatiens,gracilis,gracilis,gracilis,Bohol,9.55361,123.72852,6/11/2006,N0372,,,,1,1,1,1,1,0,1,0,0,6
10122,Holothuria,gracilis,gracilis,gracilis,gracilis,Heron Island,-23.4417666667,151.9004333333,11/16/2009,N0484,,,no,1,1,1,1,1,0,1,1,1,8
10123,Holothuria,impatiens,ESU2,ESU2,ESU2,Heron Island,-23.43304,152.04089,11/23/2009,"N0485,N1161",,,no,0,1,1,0,0,0,0,0,0,2
10125,Holothuria,gracilis,gracilis,gracilis,gracilis,Heron Island,-23.4417666667,151.9004333333,11/16/2009,N0486,,,no,0,0,0,0,0,0,0,0,0,0
7929,Holothuria,impatiens,gracilis,,gracilis,One Tree Island,-23.502138,152.086632,11/2008,"N0488, N0489",,,no,0,0,0,0,0,0,0,0,0,0
10951,Holothuria,impatiens,ESU1,ESU1,ESU1,Okinawa,26.444199,127.772746,5/14/2011,N0553,,,yes,0,0,1,1,1,0,1,0,1,5
10955,Holothuria,impatiens,ESU1,ESU1,ESU1,Okinawa,26.251732,127.672239,5/15/2011,N0554,,,yes,0,0,1,1,1,0,1,0,1,5
11012,Holothuria,impatiens,ESU2,ESU2,ESU2,Okinawa,26.32577,127.744874,5/19/2011,N0555,,,yes,1,1,1,1,1,0,0,1,1,7
10127,Holothuria,truncata,gracilis,gracilis,truncata,Heron Island,-23.4417666667,151.9004333333,11/16/2009,"N0556,FLMNH_171_E02",,,no,1,0,1,1,1,0,1,0,1,6
10126,Holothuria,gracilis,gracilis,gracilis,gracilis,Heron Island,-23.4417666667,151.9004333333,11/16/2009,"N0557,FLMNH_171_H01",,,no,1,1,1,1,1,0,1,0,1,7
5624,Holothuria,impatiens,ESU3,ESU3,gracilis,Siquijor Prov.,9.22212,123.44926,5/21/2006,"N0575,X0043",,,,1,1,1,1,1,0,0,0,1,6
7360,Holothuria,impatiens,ESU3,ESU3,gracilis,Nosy BÃ©,-13.5039,47.9517,5/13/2008,"N0576,FLMNH_043_H05",,,yes,1,1,1,0,1,0,1,0,0,5
8928,Holothuria,impatiens,ESU3,ESU3,gracilis,Tanzania,-6.14623,39.13786,8/13/2009,"N0577,FLMNH_080_H09",,,,1,1,1,0,1,0,1,0,0,5
8193,Holothuria,impatiens,ESU1,ESU1,BandW,Lizard Island,-14.6805,145.4714,2/10/2009,"N0578,FLMNH_036_E07",,,yes,1,1,1,1,1,0,1,0,1,7
8941,Holothuria,impatiens,ESU3,ESU3,gracilis,Tanzania,-6.38733,39.28727,8/16/2009,"N0579,FLMNH_080_G01",,,,1,1,1,1,1,0,1,0,0,6
7469,Holothuria,impatiens,ESU3,ESU3,ESU3,Nosy BÃ©,-13.4806,48.2333,5/14/2008,"N0580,FLMNH_043_D04",,,yes,1,1,1,1,1,0,1,0,0,6
8191,Holothuria,impatiens,ESU1,BandW,ESU1,Lizard Island,-14.6805,145.4714,2/10/2009,"N0581,FLMNH_036_G07",,,yes,1,0,1,1,1,0,1,0,1,6
10313,Holothuria,impatiens,ESU1,ESU1,BandW,Guam,13.4649,144.6872,6/9/2010,N0582,,,yes,0,1,1,1,1,0,1,0,1,6
9699,Holothuria,impatiens,RedSea,RedSea,,Egypt,27.32,33.71,09/03/09,"N0583,FLMNH_084_H05",STA1EG004,yes,,1,1,1,0,1,0,1,1,1,7
9701,Holothuria,impatiens,RedSea,RedSea,,Egypt,27.32,33.71,09/03/09,"N0584,FLMNH_084_D05",ST01EG026,yes,,1,1,1,0,1,0,1,1,1,7
PH-9,Holothuria,impatiens,gracilis,gracilis,subsample only,Philippines,16.38,119.91,,N0613,,,,0,0,1,1,1,0,1,0,1,5
PH-10,Holothuria,impatiens,gracilis,gracilis,subsample only,Philippines,16.38,119.91,,N0614,,,,0,0,1,1,1,0,1,0,1,5
PH-11,Holothuria,impatiens,gracilis,gracilis,subsample only,Philippines,16.38,119.91,,N0615,,,,0,0,1,0,1,0,1,0,0,3
PH-HI-1,Holothuria,impatiens,Wpac,Wpac,NA,Philippines,16.38,119.91,,N0627,,,yes,0,0,1,1,1,0,1,0,0,4
PH-HI-2,Holothuria,impatiens,Wpac,Wpac,NA,Philippines,16.38,119.91,,N0628,,,yes,0,0,1,1,1,0,1,0,0,4
PH-HI-3,Holothuria,impatiens,Wpac,Wpac,NA,Philippines,16.38,119.91,,N0629,,,yes,0,0,1,1,1,0,1,0,0,4
PH-HI-4,Holothuria,impatiens,Wpac,Wpac,NA,Philippines,16.38,119.91,,N0654,,,yes,0,0,1,1,1,0,1,0,0,4
PH-HI-5,Holothuria,impatiens,Wpac,Wpac, ,Philippines,16.38,119.91,,N0655,,,yes,0,0,1,1,1,0,0,0,0,3
RUMF-ZE-00074,Holothuria,impatiens,ESU3,ESU3,ESU3,Okinawa,26.406339,127.844547,,N0758,,,yes,0,0,1,1,1,0,1,0,1,5
11817,Holothuria,impatiens,WA,WA,WA,StMartin,18.07,-63.012,4/17/2012,N1006,,,no,0,0,1,1,1,0,1,0,0,4
11743,Holothuria,impatiens,WA,WA,WA,StMartin,18.07,-63.012,04/09/12,N1007,,,yes,0,0,1,1,1,0,1,0,1,5
11790,Holothuria,impatiens,WA,WA,WA,StMartin,18.102,-62.983,04/12/12,N1008,,,yes,0,0,1,1,1,1,1,0,0,5
11210,Holothuria,impatiens,ESU1,ESU1,ESU1,Marquesas,-7.9631666667,-140.6638,11/26/2012,N1009,,,,0,0,1,1,1,1,1,0,0,5
IE-2007-812,Holothuria,impatiens,assignESU,,,Madagascar,-13.416,47.95,,N1063,,,,0,0,0,0,0,0,0,0,0,0
932,Holothuria,impatiens,ESU1,ESU1,BandW,Hawaii,20.93765,-156.34048,10/08/2000,N1149,,,,0,0,1,0,0,0,0,0,0,1
962,Holothuria,impatiens,Hawaii,Hawaii,ESU1/hawaii,Hawaii,19.4769166667,-155.9398611111,11/4/1997,N1150,,,,0,0,1,1,1,0,0,0,0,3
6059,Holothuria,impatiens,Hawaii,Hawaii,ESU1/hawaii,Oahu,21.405246,-157.984712,10/2006,N1151,,,,0,0,1,1,1,0,1,0,0,4
6279,Holothuria,impatiens,Hawaii,Hawaii,ESU1/hawaii,Maui,20.8108,-156.6214,12/8/2007,N1152,,,,0,0,1,1,1,0,1,0,0,4
6280,Holothuria,impatiens,Hawaii,Hawaii,BandW,Maui,20.8108,-156.6214,12/8/2007,N1153,,,,0,0,1,1,1,0,1,0,0,4
6281,Holothuria,impatiens,Hawaii,Hawaii,BandW,Maui,21.0031,-156.6694,10/17/2007,N1154,,,,0,0,1,1,1,0,1,0,0,4
7221,Holothuria,impatiens,ESU2,,ESU2,Nosy BÃ©,-13.44624,48.33157,5/26/2008,N1155,,,,0,0,1,0,0,0,0,0,0,1
7287,Holothuria,impatiens,ESU2,,ESU2?,Nosy BÃ©,-13.58018,47.82011,5/24/2008,N1156,,,yes,0,0,1,1,1,1,1,0,0,5
7318,Holothuria,impatiens,ESU2,,ESU2,Nosy BÃ©,-13.44624,48.33157,5/26/2008,N1158,,,yes,0,0,1,1,1,1,1,0,0,5
8346,Holothuria,impatiens,gracilis,gracilis,"juvenile, inconclusive",Lizard Island,-14.45434,145.308842,2/15/2009,N1159,,,yes,0,0,1,0,0,0,0,0,0,1
10050,Holothuria,impatiens,needsSeq,didn't amplify,"juvenile, inconclusive",Heron Island,-23.4732833333,151.9504666667,11/17/2009,N1160,,,yes,0,0,0,0,0,0,0,0,0,0
11956,Holothuria,impatiens,tigerRedSea,tigerRedSea,TigerRedSea,Djibouti,11.7,42.91,10/02/12,N1162,,,yes,0,0,1,1,1,1,1,0,0,5
12030,Holothuria,impatiens,RedSea,RedSea,RedSea,Djibouti,11.7,42.91,9/30/2012,N1163,,,no,0,0,1,1,1,0,1,0,0,4
12049,Holothuria,impatiens,RedSea,RedSea,RedSea,Djibouti,11.7,42.91,10/1/2012,N1164,,,no,0,0,1,1,1,0,1,0,0,4
12051,Holothuria,impatiens,RedSea,RedSea,RedSea,Djibouti,11.7,42.91,10/1/2012,N1165,,,no,0,0,1,1,1,0,1,0,0,4
12070,Holothuria,impatiens,,,RedSea,Djibouti,11.7,42.91,10/2/2012,N1166,,,no,0,0,0,0,0,0,0,0,0,0
12086,Holothuria,impatiens,tigerRedSea,tigerRedSea,TigerRedSea,Djibouti,11.7,42.91,10/2/2012,N1167,,,no,0,0,1,1,1,1,1,0,0,5
12184,Holothuria,impatiens,tigerRedSea,tigerRedSea,TigerRedSea,Saudi Arabia,21.75674,39.05175,10/9/2012,N1168,,,,0,0,1,1,1,1,1,0,0,5
5556,Holothuria,impatiens,ESU1,ESU1,ESU1,Vanuatu,-15.300355,166.91821,10/9/2006,S0050,,,,0,0,1,0,0,0,0,0,0,1
5566,Holothuria,impatiens,ESU1,ESU1,ESU1,Vanuatu,-15.300355,166.91821,10/9/2006,S0057,,,,0,0,1,0,0,0,0,0,0,1
5877,Holothuria,impatiens,ESU3,ESU3,ESU1,Yap,9.54901,138.08598,8/4/2007,S0066,,,,1,1,1,1,1,0,1,0,0,6
5970,Holothuria,impatiens,tiger,tiger,tiger?,Maui,20.75938,-156.466356,7/14/2007,S0072,,,,1,0,1,1,1,1,1,0,0,6
6485,Holothuria,impatiens,ESU1,ESU1,ESU1,RÃ©union,-21.1116,55.24895,8/9/2007,S0193,,,yes,1,1,1,0,0,0,0,0,0,3
6487,Holothuria,impatiens,ESU1,ESU1,ESU1,RÃ©union,-21.1116,55.24895,8/9/2007,S0195,,,yes,0,0,1,0,0,0,0,0,0,1
6370,Stichopus,monotuberculatus,NA,outgroup,outgroup,Reunion,NA,NA,,S0213,,,YES,1,0,1,1,0,0,0,1,1,5
6371,Holothuria,impatiens,ESU2,ESU2,ESU2,RÃ©union,-21.0895,55.2312,8/1/2007,S0214,,,yes,1,1,1,1,0,0,1,0,0,5
REU_172_1,Holothuria,impatiens,ESU1,ESU1,,RÃ©union,-21.0787,55.2256,,S0220,,,,0,0,1,0,0,0,0,0,0,1
6771,Holothuria,impatiens,Wpac,Wpac,ESU1,Majuro,7.12419,171.35625,4/7/2008,S0402,,,yes,1,1,1,1,1,0,1,0,1,7
6774,Holothuria,impatiens,ESU1,ESU1,ESU1,Majuro,7.12419,171.35625,4/7/2008,S0403,,,yes,0,0,1,0,0,0,0,0,0,1
6748,Holothuria,impatiens,ESU1,ESU1,ESU1,Majuro,7.12419,171.35625,4/7/2008,S0404,,,yes,1,1,1,0,0,0,0,0,0,3
6745,Holothuria,impatiens,ESU1,ESU1,ESU1,Majuro,7.15792,171.21438,4/8/2008,S0407,,,,0,0,1,0,0,0,0,0,0,1
7421,Holothuria,impatiens,ESU2,ESU2,subsample only,RÃ©union,-21.0787,55.2256,,S0417,,,,0,1,1,0,0,0,0,0,0,2
6957,Holothuria,impatiens,ESU1,ESU1,ESU1,Kosrae,5.34222,163.01986,2/23/2008,S0419,,,yes,1,0,1,0,0,0,0,0,0,2
6929,Holothuria,impatiens,tiger,tiger,tiger,Kosrae,5.29649,162.8981,2/27/2008,S0441,,,yes,1,0,1,1,1,1,1,0,1,7
6989,Holothuria,impatiens,ESU1,ESU1,ESU1,Kosrae,5.36916,163.01382,2/28/2008,S0444,,,yes,0,0,1,0,0,0,0,0,0,1
6990,Holothuria,impatiens,ESU1,ESU1,ESU1,Kosrae,5.36916,163.01382,2/28/2008,S0445,,,yes,0,0,1,0,0,0,0,0,0,1
6988,Holothuria,impatiens,ESU1,ESU1,ESU1,Kosrae,5.36916,163.01382,2/28/2008,S0446,,,yes,0,0,1,0,0,0,0,0,0,1
6987,Holothuria,impatiens,ESU1,ESU1,ESU1,Kosrae,5.36916,163.01382,2/28/2008,S0447,,,yes,1,1,1,0,0,0,0,0,0,3
6982,Holothuria,impatiens,ESU1,ESU1,ESU1,Kosrae,5.36916,163.01382,2/28/2008,S0448,,,yes,0,0,1,0,0,0,0,0,0,1
6983,Holothuria,impatiens,ESU2,ESU2,ESU2,Kosrae,5.36916,163.01382,2/28/2008,S0449,,,yes,1,1,1,1,0,0,1,0,1,6
6809,Holothuria,impatiens,Wpac,Wpac,ESU1,Kosrae,5.36916,163.01382,2/28/2008,S0450,,,,1,0,1,1,1,1,1,0,1,7
6967,Holothuria,impatiens,ESU1,ESU1,ESU1,Kosrae,5.36916,163.01382,3/4/2008,S0455,,,,0,0,1,0,0,0,0,0,0,1
6711,Holothuria,impatiens,ESU2,ESU2,ESU2,Guam,13.479906,144.726632,2/6/2008,S0458,,,yes,1,1,1,0,1,0,1,0,1,6
6729,Holothuria,impatiens,ESU2,ESU2,ESU2,Guam,13.479906,144.726632,2/6/2008,S0459,,,yes,1,1,1,1,1,0,1,0,1,7
6712,Holothuria,impatiens,ESU2,ESU2,ESU2,Guam,13.479906,144.726632,2/6/2008,S0460,,,yes,1,1,1,0,1,0,0,0,1,5
7081,Holothuria,impatiens,ESU1,ESU1,ESU1,Guam,13.426695,144.796052,2/14/2008,S0464,,,yes,1,1,1,1,1,0,1,1,1,8
7076,Holothuria,impatiens,ESU2,ESU2,ESU2,Guam,13.426695,144.796052,2/14/2008,S0466,,,yes,0,0,1,0,0,0,0,0,0,1
6726,Holothuria,impatiens,ESU2,ESU2,ESU2,Guam,13.426695,144.796052,2/14/2008,S0467,,,yes,0,0,1,0,0,0,0,0,0,1
6722,Holothuria,impatiens,ESU2,ESU2,ESU2,Guam,13.426695,144.796052,2/14/2008,S0468,,,yes,0,1,1,0,0,0,0,0,0,2
MOLAF124,Holothuria,impatiens,Medit,Medit,,Sicily,38.13,15.05,,X0002,,,,1,0,1,0,0,0,0,0,0,2
4255,Holothuria,impatiens,ESU1,ESU1,ESU1,Oman,23.637545,58.48879,1/26/2005,X0011,,,yes,1,0,0,0,0,0,0,0,0,1
4805,Holothuria,impatiens,Hawaii,Hawaii,ESU1/hawaii,Oahu,19.99667,-155.24556,2/24/2006,X0027,,,,1,0,1,0,0,0,0,0,0,2
1277,Holothuria,impatiens,Hawaii,Hawaii,ESU1/hawaii,Maui,20.810833,-156.621389,11/26/2002,X0029,,,,1,0,1,0,0,0,0,0,0,2
318,Holothuria,impatiens,ESU1,ESU1,ESU1,Rangiroa,-14.9833333333,-147.6166666667,10/29/2001,X0030,,,,1,0,1,0,0,0,0,0,0,2
4258,Holothuria,impatiens,ESU1,ESU1,ESU1,Oman,23.637545,58.48879,1/26/2005,X0031,,,yes,1,0,1,0,0,0,0,0,0,2
4098,Holothuria,impatiens,ESU1,ESU1,ESU1,Taiwan,21.9333,120.8167,5/14/2005,X0032,,,,1,0,1,0,0,0,0,0,0,2
4257,Holothuria,impatiens,ESU1,ESU1,ESU1,Oman,23.637545,58.48879,1/26/2005,X0033,,,yes,1,0,1,0,0,0,0,0,0,2
5326,Holothuria,impatiens,ESU1,ESU1,ESU1,Moorea,-17.4748,-149.8188,8/5/2006,X0034,,,yes,1,0,1,0,0,0,0,0,0,2
5271,Holothuria,impatiens,ESU2,ESU2,ESU2,Moorea,-17.4747,-149.7981,8/3/2006,X0035,,yes,yes,1,0,1,0,0,0,0,0,0,2
5340,Holothuria,impatiens,ESU2,ESU2,ESU2,Moorea,-17.4964,-149.7528,6/20/2006,X0036,,yes,yes,1,0,1,0,0,0,0,0,0,2
5294,Holothuria,impatiens,ESU1,ESU1,ESU1,Moorea,-17.4836,-149.8581,7/24/2006,X0037,,,yes,1,0,1,0,0,0,0,0,0,2
5263,Holothuria,impatiens,ESU2,ESU2,ESU2,Moorea,-17.4842,-149.8578,8/2/2006,X0038,,,yes,1,0,1,0,0,0,0,0,0,2
5339,Holothuria,impatiens,ESU1,ESU1,ESU1,Moorea,-17.4964,-149.7528,6/20/2006,X0039,,,yes,1,0,1,0,0,0,0,0,0,2
5320,Holothuria,impatiens,ESU1,ESU1,ESU1,Moorea,-17.4764,-149.8306,7/18/2006,X0040,,,yes,1,0,1,0,0,0,0,0,0,2
5206,Holothuria,impatiens,ESU1,ESU1,ESU1,Moorea,-17.4964,-149.7528,6/20/2006,X0041,,,yes,1,0,1,0,0,0,0,0,0,2
5290,Holothuria,impatiens,ESU1,ESU1,ESU1,Moorea,-17.4747,-149.7981,8/3/2006,X0042,,,no,1,0,1,0,0,0,0,0,0,2
5679,Holothuria,impatiens,ESU1,ESU1,ESU1,Philippines,9.43301,123.38418,5/23/2006,X0044,,,,0,0,1,0,0,0,0,0,0,1
5597,Holothuria,impatiens,ESU1,ESU1,ESU1,Bohol,9.633092,123.782025,6/11/2006,X0046,,,,1,0,1,0,0,0,0,0,0,2
5625,Holothuria,impatiens,ESU2,ESU2,ESU2,Bohol,9.633092,123.782025,6/13/2006,X0048,,,,1,0,1,0,0,0,0,0,0,2
5608,Holothuria,impatiens,ESU2,ESU2,ESU2,Bohol,9.633092,123.782025,6/13/2006,X0049,,,,1,0,1,0,0,0,0,0,0,2
5610,Holothuria,impatiens,Wpac,Wpac,ESU1,Bohol,9.633092,123.782025,6/13/2006,X0050,,,,1,0,1,0,0,0,0,0,0,2
460,Holothuria,impatiens,ESU1,,ESU1,Fiji,-18.1788166667,178.4574333333,11/10/2001,,,,,NA,NA,NA,NA,NA,NA,NA,NA,NA,0
975,Holothuria,impatiens,ESU1,,ESU1,New Caledonia,-22.258119,166.38936,1/26/1999,,,,,NA,NA,NA,NA,NA,NA,NA,NA,NA,0
1352,Holothuria,impatiens,ESU1,,ESU1,Cooks,-18.9,-159.8,10/18/1986,,,,,NA,NA,NA,NA,NA,NA,NA,NA,NA,0
1583,Holothuria,impatiens,ESU1,,ESU1,Niue Island,-19.1,-169.9,8/27/1986,,,,,NA,NA,NA,NA,NA,NA,NA,NA,NA,0
1611,Holothuria,impatiens,ESU1,,ESU1,Palau,7.324715,134.495003,3/5/2003,,,,,NA,NA,NA,NA,NA,NA,NA,NA,NA,0
1620,Holothuria,impatiens,ESU1,,ESU1,Niue Island,-19.1,-169.9,8/25/1986,,,,,NA,NA,NA,NA,NA,NA,NA,NA,NA,0
1626,Holothuria,impatiens,?,,ESU1?,Niue Island,-19.1,-169.9,8/25/1986,,,,,NA,NA,NA,NA,NA,NA,NA,NA,NA,0
1835,Holothuria,impatiens,?,,ESU2?,Niue Island,-19.1,-169.9,4/30/1986,,,,,NA,NA,NA,NA,NA,NA,NA,NA,NA,0
1838,Holothuria,impatiens,ESU1,,ESU1,Fiji,-18.762457,178.522084,,,,,,NA,NA,NA,NA,NA,NA,NA,NA,NA,0
1887,Holothuria,impatiens,ESU2,,ESU2,Tahiti,-17.6,-149.4,9/1/1984,,,,,NA,NA,NA,NA,NA,NA,NA,NA,NA,0
1895,Holothuria,impatiens,?,,"bad shape, juvenile, inconclusive",Cook Islands,-18.9,-159.8,11/15/1986,,,,,NA,NA,NA,NA,NA,NA,NA,NA,NA,0
1909,Holothuria,impatiens,?,,,Niue Island,-19.1,-169.9,8/25/1986,,,,,NA,NA,NA,NA,NA,NA,NA,NA,NA,0
1981,Holothuria,impatiens,ESU1,,ESU1,Cook Islands,-21.2,-159.8,10/1/1984,,,,,NA,NA,NA,NA,NA,NA,NA,NA,NA,0
2017,Holothuria,impatiens,ESU1,,ESU1,Fiji,-18.183205,177.561427,7/3/1988,,,,,NA,NA,NA,NA,NA,NA,NA,NA,NA,0
2516,Holothuria,impatiens,?,,,Mauritius,-20.21,57.55,,,,,,NA,NA,NA,NA,NA,NA,NA,NA,NA,0
3631,Holothuria,impatiens,ESU1,,ESU1,Palau,7.161111,134.376111,8/22/1995,,,,,NA,NA,NA,NA,NA,NA,NA,NA,NA,0
4606,Holothuria,impatiens,needsSeq,,,Maui,21.001197,-156.668389,12/11/2002,,,,,NA,NA,NA,NA,NA,NA,NA,NA,NA,0
5027,Holothuria,impatiens,ESU1,,ESU1,Moorea,-17.533333,-149.833333,4/30/2006,,,,,NA,NA,NA,NA,NA,NA,NA,NA,NA,0
5156,Holothuria,impatiens,ESU1,,ESU1,Moorea,-17.5,-149.8,5/31/2006,,,,,NA,NA,NA,NA,NA,NA,NA,NA,NA,0
5174,Holothuria,impatiens,ESU2,,ESU2,Cooks,-21.2566666667,-159.8168333333,6/18/2006,,,,,NA,NA,NA,NA,NA,NA,NA,NA,NA,0
5315,Holothuria,impatiens,ESU2,,ESU2,Moorea,-17.4836,-149.765,8/6/2006,,,,yes,NA,NA,NA,NA,NA,NA,NA,NA,NA,0
5634,Holothuria,impatiens,ESU1,,ESU1,Bohol,9.633092,123.782025,6/13/2006,,,,,NA,NA,NA,NA,NA,NA,NA,NA,NA,0
6034,Holothuria,impatiens,ESU1,,ESU1,FFS,23.8539,-166.3268,10/26/2006,,,,,NA,NA,NA,NA,NA,NA,NA,NA,NA,0
6267,Holothuria,impatiens,ESU1,,ESU1,FFS,23.8538,-166.3267,10/26/2006,,,,yes,NA,NA,NA,NA,NA,NA,NA,NA,NA,0
6588,Holothuria,impatiens,ESU1,,ESU1,RÃ©union,-21.085556,55.220556,8/17/2007,,,,yes,NA,NA,NA,NA,NA,NA,NA,NA,NA,0
6663,Holothuria,impatiens,ESU1,,ESU1,RÃ©union,-21.085556,55.220556,8/17/2007,,,,,NA,NA,NA,NA,NA,NA,NA,NA,NA,0
7156,Holothuria,impatiens,ESU2,,ESU2,Nosy BÃ©,-13.44624,48.33157,5/18/2008,,,,,NA,NA,NA,NA,NA,NA,NA,NA,NA,0
7158,Holothuria,impatiens,needsSeq,,gracilis,Nosy BÃ©,-13.2989,48.1472,5/18/2008,,,,,NA,NA,NA,NA,NA,NA,NA,NA,NA,0
7320,Holothuria,impatiens,ESU2,,ESU2,Nosy BÃ©,-13.44624,48.33157,5/26/2008,,,,yes,NA,NA,NA,NA,NA,NA,NA,NA,NA,0
7339,Holothuria,impatiens,ESU1,,ESU1,Nosy BÃ©,-13.48,48.23,5/11/2008,,,,yes,NA,NA,NA,NA,NA,NA,NA,NA,NA,0
7417,Holothuria,impatiens,NA,,subsample only,RÃ©union,-21.0787,55.2256,7/25/2007,,,,yes,NA,NA,NA,NA,NA,NA,NA,NA,NA,0
7433,Holothuria,impatiens,ESU1,,ESU1,Nosy BÃ©,-13.4139,48.3056,5/16/2008,,,,,NA,NA,NA,NA,NA,NA,NA,NA,NA,0
7436,Holothuria,impatiens,ESU2,,ESU2,Nosy BÃ©,-13.4789,48.23655,5/23/2008,,,,,NA,NA,NA,NA,NA,NA,NA,NA,NA,0
7831,Holothuria,impatiens,needsSeq,,ESU3,Nosy BÃ©,-13.44624,48.33157,5/26/2008,,,,,NA,NA,NA,NA,NA,NA,NA,NA,NA,0
7966,Holothuria,impatiens,ESU1,,ESU1,Moorea,-17.49631,-149.75295,10/15/2008,,,,yes,NA,NA,NA,NA,NA,NA,NA,NA,NA,0
8388,Holothuria,impatiens,ESU1,,ESU1,Lizard Island,-14.7483,145.5165,2/17/2009,,,,yes,NA,NA,NA,NA,NA,NA,NA,NA,NA,0
8690,Holothuria,impatiens,ESU1,,ESU1,Moorea,-17.51448,-149.7616,10/23/2008,,,,,NA,NA,NA,NA,NA,NA,NA,NA,NA,0
8705,Holothuria,impatiens,ESU2,,ESU2,Moorea,-17.48,-149.825,,,,,yes,NA,NA,NA,NA,NA,NA,NA,NA,NA,0
8706,Holothuria,impatiens,ESU1,,ESU1,Moorea,-17.48,-149.825,,,,,yes,NA,NA,NA,NA,NA,NA,NA,NA,NA,0
8951,Holothuria,gracilis,ESU1,,ESU1,Palau,13.5,144.8,2/10/2004,,,,,NA,NA,NA,NA,NA,NA,NA,NA,NA,0
9049,Holothuria,impatiens,EP,,EP,Panama,8.6317,-79.0299,2008,,,,,NA,NA,NA,NA,NA,NA,NA,NA,NA,0
9054,Holothuria,impatiens,EP,,EP,Panama,8.6317,-79.0299,2008,,,,,NA,NA,NA,NA,NA,NA,NA,NA,NA,0
9055,Holothuria,impatiens,EP,,EP,Panama,8.6317,-79.0299,2008,,,,,NA,NA,NA,NA,NA,NA,NA,NA,NA,0
9056,Holothuria,impatiens,EP,,EP,Panama,8.6317,-79.0299,2008,,,,,NA,NA,NA,NA,NA,NA,NA,NA,NA,0
9848,Holothuria,impatiens,ESU2,,ESU2,Moorea,-17.498214,-149.754865,11/16/2009,,,,,NA,NA,NA,NA,NA,NA,NA,NA,NA,0
10341,Holothuria,impatiens,ESU1,,ESU1,Guam,13.462,144.635,6/15/2010,,,,yes,NA,NA,NA,NA,NA,NA,NA,NA,NA,0
10344,Holothuria,impatiens,ESU1,,ESU1,Guam,13.494621,144.770047,6/18/2010,,,,yes,NA,NA,NA,NA,NA,NA,NA,NA,NA,0
10392,Holothuria,impatiens,ESU1,,ESU1,Okinawa,26.406339,127.844547,6/29/2010,,,,yes,NA,NA,NA,NA,NA,NA,NA,NA,NA,0
10658,Holothuria,impatiens,ESU2,,ESU2,Okinawa,26.328821,127.744105,7/20/2010,,,,yes,NA,NA,NA,NA,NA,NA,NA,NA,NA,0
10709,Holothuria,impatiens,,,,Guam,13.5,144.8,,,,,yes,NA,NA,NA,NA,NA,NA,NA,NA,NA,0
10950,Holothuria,impatiens,ESU1,,ESU1,Okinawa,26.444199,127.772746,5/14/2011,,,,yes,NA,NA,NA,NA,NA,NA,NA,NA,NA,0
10959,Holothuria,impatiens,ESU1,,ESU1,Okinawa,26.251732,127.672239,5/15/2011,,,,yes,NA,NA,NA,NA,NA,NA,NA,NA,NA,0
11304,Holothuria,impatiens,ESU2,,ESU2,Guam,13.5,144.8,7/2009,,,,,NA,NA,NA,NA,NA,NA,NA,NA,NA,0
11305,Holothuria,impatiens,ESU2,,ESU2,Guam,13.5,144.8,08/25/11,,,,,NA,NA,NA,NA,NA,NA,NA,NA,NA,0
11383,Holothuria,impatiens,ESU2,,ESU2,Chuuk,7.271582,151.535942,07/10/11,,,,,NA,NA,NA,NA,NA,NA,NA,NA,NA,0
11427,Holothuria,impatiens,ESU1,,ESU1,Yap,9.3329,138.0557,12/11/09,,,,,NA,NA,NA,NA,NA,NA,NA,NA,NA,0
12163,Holothuria,impatiens,,,RedSea,Saudi Arabia,22.2907,39.0801,10/10/2012,,,,,NA,NA,NA,NA,NA,NA,NA,NA,NA,0
12207,Holothuria,impatiens,,,ESU2,Guam,13.5,144.8,8/8/1970,,,,,NA,NA,NA,NA,NA,NA,NA,NA,NA,0
12283,Holothuria,impatiens,,,ESU1? (too old),Guam,13.5,144.8,1966,,,,,NA,NA,NA,NA,NA,NA,NA,NA,NA,0
12290,Holothuria,impatiens,,,ESU2,Guam,13.5,144.8,4/5/1975,,,,,NA,NA,NA,NA,NA,NA,NA,NA,NA,0
12291,Holothuria,impatiens,,,? too old,Palau,6.978693,134.228886,8/14/1966,,,,,NA,NA,NA,NA,NA,NA,NA,NA,NA,0
12342,Holothuria,impatiens,,,ESU2? (too old),Guam,13.5,144.8,6/10/1977,,,,,NA,NA,NA,NA,NA,NA,NA,NA,NA,0
12364,Holothuria,impatiens,,,mixed,Kosrae,5.371358,163.008345,8/22/1992,,,,,NA,NA,NA,NA,NA,NA,NA,NA,NA,0
12551,Holothuria,impatiens,,,?? (missing),Saipan,15.158461,145.767341,,,,,,NA,NA,NA,NA,NA,NA,NA,NA,NA,0
12636,Holothuria,impatiens,,,ESU1? (juvenile),Guam,13.5,144.8,3/12/1999,,,,,NA,NA,NA,NA,NA,NA,NA,NA,NA,0
12658,Holothuria,impatiens,,,ESU2? (too old),Kosrae,5.362227,162.966964,5/26/1979,,,,,NA,NA,NA,NA,NA,NA,NA,NA,NA,0
7055a,Holothuria,impatiens,assignESU,ESU2????,ESU1,Mayotte,-12.947371,45.099797,5/29/2008,,"extracted as C0206, but most likely contamination, needs re-extract",,,NA,NA,NA,NA,NA,NA,NA,NA,NA,0
